Id;Beschreibung;RAM-Priority;opaque;Triggered;Layer;Speed;FloorDist;BaseX;BaseY;GridX;GridY;MinY;MaxY;Obstacle;TGA-Name
5000;Horizont1a;3;1;0;3;0;0;20;-18;88;1;132;132;0;BACK_A1
5001;Horizont1b;3;1;0;3;0;0;20;-18;88;1;132;132;0;BACK_A2
5002;Horizont2;4;1;0;3;0;0;20;-18;88;1;0;0;0;BACK_B
5003;Horizont3;4;1;0;3;0;0;20;-18;88;1;132;132;0;BACK_C
5004;Horizont4;4;1;0;3;0;0;20;-18;88;1;0;0;0;BACK_D
5005;Treppenwagen;99;0;0;3;0;0;20;-18;88;1;0;0;0;AUTO
5006;FloorF (Rechts an der Werkstatt);99;0;0;3;0;0;20;-18;88;1;0;0;0;FLOOR_F
100;Floor.lbm;1;1;0;10;0;0;27;220;88;1;274;274;0;FLOOR_A
101;Floor.lbm;2;1;0;10;0;0;0;220;88;1;220;220;0;FLOOR_C
103;Floor.lbm;2;0;0;10;0;0;0;220;88;1;220;220;0;FLOOR_CC
105;Floor2.lbm;99;0;0;12;0;0;2;0;44;22;-999;999;0;FLOOR_B
102;Licht am Boden;18;0;0;11;0;0;27;220;88;1;274;274;0;FLOOR_D
104;Licht am Boden;18;0;0;11;0;0;27;220;88;1;274;274;0;FLOOR_E
106;Linker Flughafenrand;99;1;0;10;0;0;2;0;44;22;-999;999;0;FLOOR_Z
107;Linker Flughafenrand;99;1;0;11;0;0;2;0;44;22;-999;999;0;FLOOR_Z
110;UpFloor1.lbm;5;0;0;50;0;0;13;0;44;22;-999;999;0;UPFLOOR0
112;UpFloor3.lbm;5;0;0;50;0;0;13;0;22;22;-999;999;0;UPFLOOR1
113;UpFloor4.lbm;5;0;0;50;0;0;13;0;44;22;-999;999;0;UPFLOOR2
114;UpFloor5.lbm;5;0;0;50;0;0;13;0;44;22;-999;999;0;UPFLOOR3
115;UpFloor6.lbm;5;0;0;50;0;0;13;0;44;22;-999;999;0;UPFLOOR4
120;Saeule.lbm;99;0;0;20;0;0;20;-6;44;22;-999;324;1;SAEULE0
199;Reling-Oben;6;0;0;60;0;0;-47;-8;44;22;-999;999;0;RAIL1
200;Reling-Oben;6;0;0;60;0;0;-47;-8;44;22;-999;999;14;RAIL1
201;Geländer-Oben;10;0;0;60;0;0;-25;-14;44;22;-999;999;0;RAIL2
202;Geländer-Oben;10;0;0;60;0;0;-25;-7;44;22;-999;999;11;RAIL3
203;Geländer-Oben;10;0;0;60;0;0;-23;-4;44;22;-999;999;0;RAIL4
204;Geländer-Oben;10;0;0;60;0;0;-27;-8;44;22;-999;999;11;RAIL5
205;Geländer-Oben;10;0;0;60;0;0;-25;-11;44;22;-999;999;11;RAIL6
206;Geländer-Oben;10;0;0;60;0;0;-23;-4;44;22;-999;999;0;RAIL7
207;Geländer-Oben;10;0;0;60;0;0;-23;-4;44;22;-999;999;0;RAIL8
208;Geländer-Oben (hinte);10;0;0;60;0;0;-12;8;44;22;-999;999;0;RAIL9
210;Geländer-Oben (Ecke, eng);10;0;0;60;0;0;-23;-4;44;22;-999;999;0;RAIL11
220;Ecke des Geländers;10;0;0;60;0;0;-23;-4;44;22;-999;999;0;ECKE01
221;Ecke des Geländers;10;0;0;60;0;0;-23;-4;44;22;-999;999;0;ECKE02
243;Bank.lbm;99;0;0;20;0;0;-10;-13;44;22;417;417;0;WAND3
250;Eingang;99;0;0;20;0;0;-10;-13;44;22;417;417;0;EINGANG1
251;Eingang;99;0;0;20;0;0;-10;-13;44;22;417;417;0;EINGANG2
252;Eingang;99;0;0;20;0;0;-10;-13;44;22;417;417;0;EINGANG3
253;Eingang;99;0;0;12;0;44;-10;-13;44;22;417;417;0;EINGANG4
254;Eingang;99;0;0;19;0;0;-10;-13;44;22;417;417;0;EINGANG5
255;Eingang;99;0;0;17;0;0;-10;-13;44;22;417;417;0;EINGANG6
256;Eingang;99;0;0;20;0;0;-10;-13;44;22;417;417;0;EINGANG7
257;Eingang;99;0;0;20;0;0;-10;-13;44;22;417;417;0;EINGANG8
258;Rollreppe raus;99;0;0;19;2;0;-10;-13;44;22;417;417;0;ROLLTR01 ROLLTR02 ROLLTR03 ROLLTR04 ROLLTR05 ROLLTR06 ROLLTR07 ROLLTR08
259;Rollreppe rein;99;0;0;19;2;0;-10;-13;44;22;417;417;0;ROLLTR08 ROLLTR07 ROLLTR06 ROLLTR05 ROLLTR04 ROLLTR03 ROLLTR02 ROLLTR01
260;Reling;4;0;0;20;0;0;4;-33;44;22;417;417;1;RELING
280;Durchleuchter-Barriere;99;0;0;20;0;0;49;-4;44;22;-999;999;0;DURCHL01
281;Durchleuchter-Barriere;99;2;0;20;0;0;53;-9;44;22;-999;999;11;DURCHL02
282;Screen-Hinten;99;0;0;20;0;-21;25;-4;44;22;-999;999;10;DURCHL03
283;Screen-Vorne;99;0;0;20;0;0;39;-4;44;22;-999;999;10;DURCHL04
284;Knight Rider;99;0;0;20;2;8;39;-4;44;22;-999;999;0;KNIGHT01 KNIGHT02 KNIGHT03
287;Durchgang aus dem Dutyfree-Bereich;99;0;0;20;0;0;39;-4;44;22;-999;999;0;AUSG01
288;Durchgang aus dem Dutyfree-Bereich;99;0;0;20;0;-16;39;-4;44;22;-999;999;0;AUSG02
301;Briefk.lbm;19;0;0;20;0;30;14;0;44;22;-999;999;0;BRIEFK
302;Colaautomat;19;0;0;20;0;0;34;10;44;22;-999;999;1;COLAC
303;Electro-Skelett;99;0;1;20;2;90;34;10;44;22;-999;999;0;TRANS ELECTRO1 ELECTRO2 ELECTRO1 ELECTRO2 ELECTRO1 ELECTRO2 ELECTRO1 ELECTRO2 ELECTRO1 ELECTRO2 ELECTRO1 ELECTRO2 ELECTRO1 ELECTRO2
305;Kiosk.lbm;99;0;0;20;0;0;34;10;44;22;-999;999;1;KIOSKX
309;Fenster2.lbm;5;0;0;5;0;0;33;-128;44;1;-128;-128;0;FENSTER2
310;Fenster.lbm;5;0;0;5;0;0;33;93;44;1;93;93;10;FENSTER1
311;Fenster2.lbm;5;0;0;5;0;0;33;-128;44;1;-128;-128;10;FENSTER2
312;Wand (rechts);18;0;0;20;0;132;-16;21;44;22;-999;999;0;WA01
313;Wand (rechts);99;0;0;25;0;0;16;35;44;22;-999;999;0;WA01A
314;Wand (rechts);18;0;0;20;0;0;33;93;88;1;93;93;0;WA02
315;Wand (rechts);99;0;0;20;0;0;33;93;88;1;93;93;0;WA02A
316;Wand (rechts);99;0;0;20;0;0;33;93;88;1;93;93;0;WA02B
317;Senkrechter Stahlträger;99;0;0;20;0;0;33;93;88;1;93;93;0;WA03
318;Wand (links);18;0;0;20;0;0;33;93;88;1;93;93;0;WALINKS1
319;Wand (links);18;0;0;20;0;0;33;93;88;1;93;93;0;WALINKS2
320;Fensterende links;99;0;0;5;0;0;33;-128;44;1;-128;-128;10;FENSTER7
330;Rampe;19;0;0;70;0;0;-25;35;44;22;-10;-10;0;RAMPE1
331;Rampe;19;0;0;70;0;0;-35;35;44;22;-10;-10;0;RAMPE2
332;Rampe;19;0;0;70;0;0;-25;35;44;22;-10;-10;0;RAMPE3
333;Rampen-Zierde;19;0;0;70;0;0;-25;35;44;22;-10;-10;0;RAMPE4
334;Rampen-Zierde;19;0;0;70;0;0;-35;35;44;22;-10;-10;0;RAMPE5
335;Rampen-Zierde;19;0;0;70;0;0;-25;35;44;22;-10;-10;0;RAMPE6
337;Kamera;7;0;0;60;1;76;-33;35;22;22;44;44;0;KAMERA1 KAMERA1X
338;Kamera;7;0;0;60;1;76;-19;35;22;22;44;44;0;KAMERA2 KAMERA2X
340;Fracht Back;99;0;0;11;0;0;-5;35;22;22;44;44;0;FRACHT01
341;Fracht Treppe;99;0;0;30;0;0;9;35;22;22;44;44;0;FRACHT02
342;Fracht Tür;99;0;0;30;0;0;23;35;22;22;44;44;0;FRACHT03
343;Fracht Treppe (H);99;0;0;11;0;0;23;35;22;22;44;44;0;FRACHT04
344;Türrahmen;99;0;0;20;0;0;23;35;22;22;44;44;0;WALINKSX
345;Fracht: Türrahmen;99;0;0;20;2;0;23;-5;44;1;65;65;0;WALINKSD
350;Pflanzen (neu);19;0;0;20;0;0;0;-9;44;22;-999;999;1;PLANT01
351;Pflanzen (neu);19;0;0;20;0;0;25;-7;44;22;-999;999;1;PLANT02
352;Pflanzen (neu);19;0;0;20;0;0;32;0;44;22;-999;999;1;PLANT03
353;Pflanzen (neu);19;0;0;20;0;0;14;2;44;22;-999;999;1;PLANT04
354;Pflanzen (neu);19;0;0;20;0;0;16;0;44;22;-999;999;1;PLANT05
355;Pflanzen (neu);19;0;0;20;0;0;34;2;44;22;-999;999;1;PLANT06
356;Pflanzen (neu);19;0;0;20;0;0;34;5;44;22;-999;999;1;PLANT07
370;Sitze;13;0;0;20;0;0;6;11;44;22;-999;999;3;SITZ1
371;Sitze;13;0;0;20;0;0;6;11;44;22;-999;999;3;SITZ2
372;Sitze;13;0;0;20;0;0;24;11;44;22;-999;999;3;SITZ3
400;Stab2.lbm;99;0;0;60;0;0;-24;32;44;22;-999;999;11;STAB2
401;Stab2.lbm;12;0;0;20;0;0;-24;32;44;22;-999;999;11;STAB2
402;Stab3.lbm;12;0;0;20;0;0;-13;32;44;22;189;409;4;STAB3
411;Exponate;99;0;0;60;0;0;12;45;44;22;189;409;1;EXPONAT2
412;Exponate;99;2;0;60;0;36;32;45;44;22;189;409;0;EXPONAT3
413;Exponate;99;0;0;60;0;0;52;45;44;22;189;409;2;EXPONAT4
420;Bild;19;0;0;60;0;44;52;45;1;22;66;66;0;DECO01
421;Pinnwand;19;0;1;60;0;36;52;45;1;22;65;65;0;DECO02 DECO02B
422;Mülleimer;19;0;0;60;0;-2;52;45;1;22;103;103;0;DECO03
423;Feuerlöscher;19;0;0;60;0;11;52;45;1;22;103;103;0;DECO04
425;Toilettentisch;19;0;0;20;0;0;52;45;44;22;189;409;0;TOILTISH
427;Blinkende Lampe;19;0;0;61;1;0;52;45;44;22;100;100;0;LIGHT01 LIGHT01 LIGHT01 LIGHT01 LIGHT01 LIGHT01 LIGHT01 LIGHT01 LIGHT02 LIGHT01 LIGHT02 LIGHT01 LIGHT01 LIGHT01 LIGHT02 LIGHT01 LIGHT02 LIGHT01 LIGHT02 LIGHT01 LIGHT01
450;Fließband n. links;99;0;0;20;2;-30;43;40;44;22;-999;999;43;FLC03 FLC04 FLC05 FLC06 FLC07 FLC01 FLC02
451;Fließband n. links;99;0;0;20;2;-30;9;40;44;22;-999;999;43;FLB01 FLB02 FLB03 FLB04 FLB05 FLB06 FLB07
452;Fließband n. links;99;0;0;20;2;-30;-6;40;44;22;-999;999;43;FLA06 FLA07 FLA01 FLA02 FLA03 FLA04 FLA05
453;Fließband n. oben;99;0;0;20;2;-30;1;60;44;22;-999;999;40;TC02 TC03 TC04 TC05 TC06 TC07 TC01
454;Fließband n. oben;99;0;0;20;2;-30;12;55;44;22;-999;999;40;TB01 TB02 TB03 TB04 TB05 TB06 TB07
455;Fließband n. oben;99;0;0;20;2;-30;2;55;44;22;-999;999;0;TA07 TA01 TA02 TA03 TA04 TA05 TA06
456;Fließband n. rechts;99;0;0;20;2;-30;43;40;44;22;-999;999;41;FLC02 FLC01 FLC07 FLC06 FLC05 FLC04 FLC03
457;Fließband n. rechts;99;0;0;20;2;-30;9;40;44;22;-999;999;41;FLB07 FLB06 FLB05 FLB04 FLB03 FLB02 FLB01
458;Fließband n. rechts;99;0;0;20;2;-30;-6;40;44;22;-999;999;41;FLA05 FLA04 FLA03 FLA02 FLA01 FLA07 FLA06
459;Fließband n. unten;99;0;0;20;2;-30;1;60;44;22;-999;999;42;TC01 TC07 TC06 TC05 TC04 TC03 TC02
460;Fließband n. unten;99;0;0;20;2;-30;12;55;44;22;-999;999;42;TB07 TB06 TB05 TB04 TB02 TB02 TB01
461;Fließband n. unten;99;0;0;20;2;-30;2;55;44;22;-999;999;42;TA06 TA05 TA04 TA03 TA02 TA01 TA07
470;Kofferdurchleuchter Background-Teil;99;0;0;20;1;-30;2;49;44;22;-999;999;0;KASTENBK
471;Kofferdurchleuchter;99;0;1;20;2;0;2;49;44;22;-999;999;0;KASTEN01 KASTEN02 KASTEN03 KASTEN04 KASTEN05 KASTEN06 KASTEN05 KASTEN04 KASTEN03 KASTEN02
480;Urwald;99;0;0;20;0;-30;1;164;44;1;-999;999;0;URWALD1
481;Urwald;99;0;0;20;0;-40;1;164;44;1;-999;999;0;URWALD2
492;Logobar über CheckIn;99;0;0;61;1;0;0;140;44;1;162;162;0;LOGOBAR9 LOGOBAR0 LOGOBAR1 LOGOBAR2 LOGOBAR3
499;Check-In rechts;18;0;0;20;0;-35;-1;164;44;1;171;171;0;CHECKIN2
500;Check-In links;18;0;0;20;0;0;13;164;44;1;171;171;0;CHECKIN1
501;Zaun: Warteraum;10;0;0;20;0;0;41;4;44;22;-999;999;0;WARTE1
502;Zaun: Warteraum;10;0;0;20;0;0;-3;4;44;22;-999;999;0;WARTE2
503;Zaun: Warteraum;10;0;0;20;0;0;23;4;44;22;-999;999;0;WARTE3
504;Zaun: Warteraum;10;0;0;20;0;0;27;-4;44;22;-999;999;0;WARTE4
505;Zaun: Warteraum;10;0;0;20;0;0;27;-4;44;22;-999;999;0;WARTE5
506;Glas: Warteraum;99;2;0;20;0;0;-3;4;44;22;-999;999;10;WARTE6
507;Glas: Warteraum;99;2;0;20;0;0;-4;-3;44;22;-999;999;11;WARTE7
508;Zaun: Warteraum;10;0;0;20;0;0;23;4;44;22;-999;999;0;WARTE8
520;Tresen (Abflug);99;0;0;20;0;0;31;0;44;1;93;93;0;TRESEN1
521;Minidurchleuchter (Abflug);99;0;0;20;1;0;0;9;44;1;176;176;0;TRESEN2 TRESEN2B TRESEN2C
522;Tresen (Abflug);99;0;0;20;1;-28;22;4;44;1;173;173;0;TRESEN3 TRESEN3B TRESEN3C
523;Tresenhintergrund;99;1;0;4;0;0;-8;0;44;1;143;143;0;TRESEN4
534;Monitore;99;0;0;20;16;99;-6;0;44;1;122;122;0;MONI1 MONI2 MONI3 MONI4
602;Saeule.lbm;99;0;0;65;0;0;17;-13;44;22;311;311;0;SAEULE0
603;Abflugmonitor;99;0;0;65;0;0;17;-13;44;22;311;311;0;ZSCREEN
609;SeitenWn.lbm;99;0;0;19;0;0;1;105;44;22;105;105;0;SEITENWN
612;DutyFree.lbm;99;1;0;19;0;0;1;171;44;1;171;171;0;DUTY1
613;DutyFree.lbm;99;0;0;20;0;2;1;171;44;1;171;171;0;DUTY2
614;Bank.lbm;99;1;0;19;0;0;-29;171;44;1;203;203;0;BANK_A
615;Bank.lbm;99;0;0;20;0;2;1;171;44;1;171;171;0;BANK_B
616;Kiosk.lbm;99;0;0;20;0;0;1;171;44;1;171;171;0;KIOSK
617;Arab-Air.lbm;99;0;0;20;0;0;13;171;44;1;109;109;25;ARABAIR1
622;Arab-Air.lbm;99;1;0;19;0;0;13;171;44;1;109;109;0;ARABAIR2
624;Arab-Air.lbm;99;0;0;20;0;102;13;171;44;1;109;109;0;ARABAIR3
623;Pflanze (durchgehbar);99;0;0;20;0;0;34;5;44;22;-999;999;0;PLANT03
618;Museum.lbm;99;1;0;19;0;0;85;171;44;1;206;206;0;MUSEUM1
619;Museum.lbm;99;0;0;20;0;0;88;171;44;1;171;171;0;MUSEUM2
620;Museum.lbm;99;0;0;20;0;0;29;181;44;22;100;409;0;MUSEUM3
621;Flugzeug auf Museum;99;0;0;60;0;0;29;181;44;22;100;409;0;MUSEFLUG
633;MuseumEingang;99;0;0;20;0;6;29;181;44;22;100;409;0;MUSEUM6
625;L.E.M.;99;0;0;60;0;0;0;0;1;1;-999;999;0;LEM01
626;L.E.M. (Hintergrund);99;0;0;60;0;-60;0;0;1;1;-999;999;0;LEM02
627;Fernglas3;99;0;0;60;0;-20;0;0;1;1;-999;999;0;FERNGLS3
628;Fernglas;99;0;0;60;0;-20;0;0;1;1;-999;999;0;FERNGLAS
629;Fernglas2;99;0;0;60;0;-20;0;0;1;1;-999;999;0;FERNGLS2
630;LastMinute links;99;0;0;20;0;0;20;171;44;1;170;171;0;LASTMIN1
631;LastMinute rechts;99;0;0;20;0;-44;20;171;44;1;170;171;0;LASTMIN2
632;LastMinute Top;99;0;0;20;0;104;20;171;44;1;170;171;0;LASTMIN3
640;Reisebuero links;99;0;0;20;0;0;4;171;44;1;170;171;0;REISEB1
641;Reisebuero rechts;99;0;0;20;0;-44;4;171;44;1;170;171;0;REISEB2
642;Reisebuero top;99;0;0;20;0;52;4;171;44;1;170;171;0;REISEB3
643;Designerraum;99;0;0;70;0;0;4;171;44;1;170;171;0;HITECH1A
644;Designerraum;99;0;0;60;0;-31;4;171;44;1;170;171;0;HITECH1B
645;Designerraum;99;0;0;6;0;0;4;171;44;1;170;171;0;HITECH2
655;WC;99;0;0;20;0;0;13;171;44;1;-999;999;0;WC
656;WC-Hintergrund;99;1;0;11;0;0;13;171;44;1;-999;999;0;BACKWC1
657;WC-Hintergrund;99;1;0;11;0;0;13;171;44;1;-999;999;0;BACKWC2
660;Rick's Cafe;99;1;0;21;6;0;3;171;44;1;167;167;0;BARA01 BARA02 BARA03 BARA04 BARA03 BARA02
661;Bar;99;0;0;20;0;0;3;171;44;1;167;167;0;BAR
669;Bar-Rechter Abschnitt;99;0;0;20;0;-108;3;171;44;1;167;167;0;BARR
670;Glas auf Bar;99;0;0;20;0;0;3;171;44;1;167;167;0;GLASS
662;Tischchen;99;0;0;20;0;0;13;167;44;22;-999;999;1;TISCH
663;Hocker;99;0;0;20;0;0;0;161;44;22;-999;999;1;HOCKER
664;Sitze;99;0;0;20;0;0;13;171;44;22;-999;999;0;STUHL01
665;Sitze;99;0;0;20;0;0;13;171;44;22;-999;999;0;STUHL02
666;Sitze;99;0;0;20;0;0;13;171;44;22;-999;999;0;STUHL03
667;Sitze;99;0;0;20;0;0;13;171;44;22;-999;999;0;STUHL04
668;Sitze;99;0;0;20;0;0;13;171;44;22;-999;999;0;STUHL05
700;Office-BackGrnd;5;1;0;51;0;0;-21;-4;44;22;65;65;0;OFFICEB
701;StdOffice;99;0;0;60;0;72;-28;-4;44;22;21;21;0;OFF_TW
702;Office-Parts;18;0;0;60;0;72;-28;-4;44;22;21;21;0;OFF_TY
703;Office-Parts;18;0;0;60;0;72;-28;-4;44;22;21;21;0;OFF_TB
704;Office-Parts;18;0;0;60;0;72;-28;-4;44;22;21;21;0;OFF_TR
705;Office-Parts;18;0;0;60;0;72;-28;-4;44;22;21;21;0;OFF_TG
706;Makler-Büro;99;0;0;60;0;0;0;-5;44;22;21;21;23;OFFICE3
707;Office-BackGrnd;5;1;0;51;0;0;-21;-4;44;22;65;65;0;OFFICEV
708;Office-BackGrnd;5;1;0;51;0;0;-21;-4;44;22;65;65;0;OFFICER
709;Office-BackGrnd;5;1;0;51;0;0;-21;-4;44;22;65;65;0;OFFICEG
710;Treppe.lbm;99;0;0;59;0;0;-31;-26;44;1;-21;-21;0;TREPPE1
711;Treppe.lbm;99;0;0;19;0;0;-22;-47;44;1;0;0;0;TREPPE2
712;Treppe.lbm;99;0;0;20;0;0;-9;106;44;1;106;106;0;TREPPE3
713;Treppe.lbm;99;0;0;60;0;0;0;85;44;1;83;83;0;TREPPE4
714;Pflanze (oben);99;0;0;60;0;0;34;5;44;22;-999;999;1;PLANT07
715;Füllung neben der Treppe;99;0;0;50;0;0;0;85;44;1;83;83;0;UPLOCH
716;Treppe rechts oben;99;0;0;60;0;0;0;85;44;1;83;83;0;TREPPE5
717;Verkleidung vom Fenster;99;0;0;6;0;0;0;85;44;1;83;83;0;TREPPE6
718;Tür: Security Vordergrund;99;0;0;60;2;0;23;-5;44;1;65;65;0;DOORSEVX DOORSEVX DOORSEVX DOORSEVX DOORSEVX DOORSEVO
719;Tür: Security;99;0;0;52;2;0;23;-5;44;1;65;65;0;DOORSE01 DOORSE03 DOORSE05 DOORSE07 DOORSE09 DOORSE11
720;Tür: Büro;99;0;0;52;2;0;23;-5;44;1;65;65;0;DOORB1 DOORB2 DOORB3 DOORB4
721;Tür: Personal;99;0;0;52;2;0;23;-5;44;1;65;65;0;DOORP1 DOORP2 DOORP3 DOORP4
722;Tür: Werbeagentur;99;0;0;52;2;0;23;-5;44;1;65;65;0;DOORW1 DOORW2 DOORW3 DOORW4
723;Tür: Konferenz;99;0;0;52;2;0;23;-5;44;1;65;65;0;DOORK1 DOORK2 DOORK3 DOORK4
724;Tür: Makler;99;0;0;52;2;0;23;-5;44;1;65;65;0;DOORM1 DOORM2 DOORM3 DOORM4
725;Tür: WC1;99;0;0;12;2;0;23;-5;44;1;65;65;0;DOORWCF1 DOORWCF2 DOORWCF3 TRANS
726;Tür: WC2;99;0;0;12;2;0;23;-5;44;1;65;65;0;DOORWCH1 DOORWCH2 DOORWCH3 DOORWCH3
727;Tür: ArabAir;99;0;0;20;2;-23;23;-5;44;1;65;65;0;DOORAR01 DOORAR02 DOORAR04 DOORAR05 DOORAR07 DOORAR08 DOORAR10 DOORAR11 DOORAR13 DOORAR15
728;Tür: leere Werbeagenur;99;0;0;52;2;0;23;-5;44;1;65;65;0;DOORL1 DOORL2 DOORL3 DOORL4
729;Tür: Fracht;99;0;0;20;2;-30;23;-5;44;1;65;65;0;WALINKSA WALINKSB WALINKSC WALINKSD
730;Logos der Spieler für die Türen;18;0;0;60;0;53;-28;-4;44;22;21;21;0;LOGBBUR
731;Logos der Spieler für die Türen;18;0;0;60;0;53;-28;-4;44;22;21;21;0;LOGVBUR
732;Logos der Spieler für die Türen;18;0;0;60;0;53;-28;-4;44;22;21;21;0;LOGRBUR
733;Logos der Spieler für die Türen;18;0;0;60;0;53;-28;-4;44;22;21;21;0;LOGGBUR
734;Explosion-Platzhalter;99;0;0;60;0;-6;-28;-4;44;22;21;21;0;EXDOOR1
735;Explosion-Platzhalter;99;0;0;60;0;-6;-28;-4;44;22;21;21;0;EXDOOR2
736;Explosion-Platzhalter;99;0;0;60;0;-6;-28;-4;44;22;21;21;0;EXDOOR3
737;Explosion-Platzhalter;99;0;0;60;0;-6;-28;-4;44;22;21;21;0;EXDOOR4
738;Explosion / letztes Bild;99;0;0;60;0;58;-28;-4;44;22;21;21;0;EXPL
739;Hintergrund: Werbeagentur;19;1;0;51;0;0;-21;-4;44;22;65;65;0;HINTWL
740;Hintergrund: Konferenz;19;1;0;51;0;0;-21;-4;44;22;65;65;0;HINTK
741;Hintergrund: Makler;19;1;0;51;0;0;-21;-4;44;22;65;65;0;HINTM
742;Hintergrund: Personal;19;1;0;51;0;0;-21;-4;44;22;65;65;0;HINTP
743;Hintergrund: Werbeagentur;19;1;0;51;0;0;-21;-4;44;22;65;65;0;HINTW
744;Hintergrund: Sabotage;19;1;0;11;0;0;-21;-4;44;22;265;265;0;ARABBACK
745;Office-Parts;15;0;0;60;0;1;3;-4;44;22;27;27;0;OFF_LL
746;Office-Parts;15;0;0;60;0;0;-34;-4;44;22;65;65;10;OFF_L
747;Office-Parts;15;1;0;60;0;-2;13;-4;44;22;21;21;10;OFF_R
748;Office-Parts;15;1;0;60;0;-2;1;-4;44;22;21;21;10;OFF_RR
749;Hintergrund: Werbeagentur;19;1;0;51;0;0;-21;-4;44;22;65;65;0;OFFDRK
750;Seitenwand: Büro;18;0;0;60;0;0;1;105;44;22;105;105;0;OFFICE9
760;GateSmacker-Platzhalter;99;0;0;20;0;-27;-28;-4;44;22;21;21;0;EXGATE1
761;GateSmacker-Platzhalter;99;0;0;20;0;-27;-28;-4;44;22;21;21;0;EXGATE2
762;GateSmacker-Platzhalter;99;0;0;20;0;-27;-28;-4;44;22;21;21;0;EXGATE3
763;GateSmacker-Platzhalter;99;0;0;20;0;-27;-28;-4;44;22;21;21;0;EXGATE4
764;GateSmacker-Platzhalter;99;0;0;20;0;-27;-28;-4;44;22;21;21;0;EXGATE5
765;GateSmacker-Platzhalter;99;0;0;20;0;-27;-28;-4;44;22;21;21;0;EXGATE6
766;GateSmacker-Platzhalter;99;0;0;20;0;-27;-28;-4;44;22;21;21;0;EXGATE7
767;GateSmacker-Platzhalter;99;0;0;20;0;-27;-28;-4;44;22;21;21;0;EXGATE8
768;GateSmacker-PrePlatzhalter;99;0;0;20;0;-10;-28;-4;44;22;21;21;0;PREGATE1
769;GateSmacker-PrePlatzhalter;99;0;0;20;0;-10;-28;-4;44;22;21;21;0;PREGATE2
770;GateSmacker-PrePlatzhalter;99;0;0;20;0;-10;-28;-4;44;22;21;21;0;PREGATE3
771;GateSmacker-PrePlatzhalter;99;0;0;20;0;-10;-28;-4;44;22;21;21;0;PREGATE4
772;GateSmacker-PrePlatzhalter;99;0;0;20;0;-10;-28;-4;44;22;21;21;0;PREGATE5
773;GateSmacker-PrePlatzhalter;99;0;0;20;0;-10;-28;-4;44;22;21;21;0;PREGATE6
774;GateSmacker-PrePlatzhalter;99;0;0;20;0;-10;-28;-4;44;22;21;21;0;PREGATE7
775;GateSmacker-PrePlatzhalter;99;0;0;20;0;-10;-28;-4;44;22;21;21;0;PREGATE8
780;Treppenstück-hinten;99;0;0;20;0;4;-20;-4;44;22;65;65;0;STAIRS1
781;Treppe außen-vorne;99;0;0;62;0;0;1;105;44;22;105;105;0;STAIRS2
790;Werkstatt;99;1;0;70;0;0;0;0;1;1;-999;999;0;WERK1
791;Werkstatt;99;0;0;70;0;0;0;0;1;1;-999;999;0;WERK2
792;Werkstatt;99;0;0;70;0;0;0;0;1;1;-999;999;0;WERK3
793;Werkstatt;99;1;0;71;0;0;0;0;1;1;-999;999;0;WERK4
800;Hund;99;0;0;20;6;0;0;0;1;1;-999;999;0;HUND01 HUND02 HUND03 HUND04 HUND05
801;Guard-Kopf;99;0;0;20;12;57;0;0;1;1;-999;999;0;VIKOPF01:20 VIKOPF02 VIKOPF03:10 VIKOPF02 VIKOPF01 VIKOPF04 VIKOPF05:10 VIKOPF04 VIKOPF04
802;Guard-Körper;99;0;0;20;5;13;0;0;1;1;-999;999;0;VID01:50 VID02 VID03 VID04 VID05 VID05:40 VID04  VID03  VID02
803;Guard-Füße;99;0;0;20;8;-8;0;0;1;1;-999;999;0;VIFEET01 VIFEET02
810;Check-In 1;99;0;0;20;8;51;0;0;1;1;-999;999;0;HOT1_01 HOT1_02:3 HOT1_03:2 HOT1_02:2 HOT1_03 HOT1_02 HOT1_03 HOT1_02 HOT1_01:3 HOT1_04:5 HOT1_01 HOT1_02 HOT1_01 HOT1_02 HOT1_01  HOT1_04:3  HOT1_01:2
811;Check-In 2;99;0;0;20;8;51;0;0;1;1;-999;999;0;HOT2_01:3 HOT2_02:3  HOT2_01:2  HOT2_03:4  HOT2_01  HOT2_04  HOT2_05  HOT2_04  HOT2_05:2  HOT2_06  HOT2_07  HOT2_08  HOT2_07  HOT2_06  HOT2_05  HOT2_04:2 HOT2_01:4
812;Check-In 3;99;0;0;20;8;51;0;0;1;1;-999;999;0;HOT3_01:2 HOT3_02 HOT3_03 HOT3_04:5 HOT3_03 HOT3_01:4 HOT3_05:4 HOT3_01 HOT3_06 HOT3_07:2 HOT3_06:3 HOT3_08:2 HOT3_09 HOT3_10:3 HOT3_09 HOT3_07 HOT3_02 HOT3_01
820;Reisebüro 1;99;0;0;20;8;51;0;0;1;1;-999;999;0;HOTRBB01:3 HOTRBB02:3 HOTRBB01 HOTRBB02 HOTRBB01:2 HOTRBB02:2 HOTRBB03 HOTRBB04 HOTRBB03 HOTRBB02 HOTRBB01 HOTRBB05:5 HOTRBB01 HOTRBB06:7
821;Reisebüro 1;99;0;0;20;8;51;0;0;1;1;-999;999;0;HOTRBR01:5 HOTRBR02:2 HOTRBR03 HOTRBR02 HOTRBR03:2 HOTRBR02 HOTRBR03 HOTRBR02 HOTRBR01 HOTRBR04 HOTRBR05:5 HOTRBR06 HOTRBR01:4
830;LastMinute 1;99;0;0;20;8;51;0;0;1;1;-999;999;0;HOTLMB01 HOTLMB02 HOTLMB03 HOTLMB04:5 HOTLMB05 HOTLMB06 HOTLMB01:5 HOTLMB07 HOTLMB08 HOTLMB07:2 HOTLMB08 HOTLMB07 HOTLMB08:3 HOTLMB09:4 HOTLMB08 HOTLMB07 HOTLMB01:2
831;LastMinute 2;99;0;0;20;8;51;0;0;1;1;-999;999;0;HOTLMR01 HOTLMR02 HOTLMR03 HOTLMR02:3 HOTLMR03:2 HOTLMR02 HOTLMR03:3 HOTLMR01:3 HOTLMR04 HOTLMR05:5 HOTLMR04 HOTLMR01:3 HOTLMR02:3 HOTLMR01:2
840;Araber;99;0;0;20;12;51;0;0;1;1;-999;999;0;ARAB01:9 ARAB02 ARAB03:6 ARAB02 ARAB01:6 ARAB02:4 ARAB03:2 ARAB02
841;Kiosk-Mann;99;0;1;20;12;39;0;0;1;1;-999;999;0;KIOSK01 KIOSK02 KIOSK03 KIOSK04 KIOSK05 KIOSK06 KIOSK07 KIOSK08 KIOSK09 KIOSK10 KIOSK11 KIOSK12 KIOSK13 KIOSK14 KIOSK15 KIOSK16 KIOSK17 KIOSK18 KIOSK19 KIOSK20 KIOSK21 KIOSK22 KIOSK23
842;Monster;99;0;0;20;6;0;0;0;1;1;-999;999;0;MONS_01:50 MONS_02 MONS_03 MONS_04 MONS_05 MONS_06 MONS_07:3 MONS_08 MONS_09:3 MONS_08  MONS_06 MONS_03 MONS_02
843;Pilot;99;0;0;20;6;19;0;0;1;1;-999;999;0;PILO_01:30 PILO_02 PILO_03 PILO_04 PILO_05 PILO_06 PILO_07 PILO_08:5  PILO_07 PILO_06 PILO_05 PILO_04 PILO_03 PILO_02
844;Mann an der Bar;99;0;0;20;6;13;0;0;1;1;-999;999;0;MANB_01 MANB_02 MANB_03 MANB_04 MANB_03 MANB_01 MANB_02 MANB_04 MANB_03 MANB_01 MANB_03 MANB_02 MANB_01 MANB_03 MANB_05 MANB_06 MANB_07 MANB_08 MANB_07 MANB_06 MANB_05
845;Barkeeper;99;0;0;20;6;60;0;0;1;1;-999;999;0;BARM_01 BARM_02:4 BARM_01:4 BARM_02:3 BARM_01 BARM_03:5 BARM_02:4 BARM_03:2  BARM_04:4 BARM_01:2
846;Mann (sitzend);99;0;0;20;6;0;0;0;1;1;-999;999;0;MANZIE01 MANZIE02 MANZIE03:6 MANZIE02 MANZIE01:7
847;Mantel für Mann;20;0;0;20;0;20;0;0;1;1;-999;999;0;MANTLZIE
848;Koffer für Mann;20;0;0;20;0;0;0;0;1;1;-999;999;0;COFFRZIE
850;RailMann L;99;0;0;60;6;-30;0;0;1;1;-999;999;0;RAILMAN1 RAILMAN2 RAILMAN3 RAILMAN4 RAILMAN2 RAILMAN3 RAILMAN1 RAILMAN4 RAILMAN3 RAILMAN2 RAILMAN1 RAILMAN4 RAILMAN3 RAILMAN2 RAILMAN1 RAILMAN5 RAILMAN6:6 RAILMAN5 RAILMAN1 RAILMAN7 RAILMAN8:4 RAILMAN7
851;MailMann R;99;0;0;60;6;-30;0;0;1;1;-999;999;0;RAILMAB1:9 RAILMAB5:5 RAILMAB1 RAILMAB2 RAILMAB4 RAILMAB3 RAILMAB1 RAILMAB3 RAILMAB2 RAILMAB1 RAILMAB4 RAILMAB2 RAILMAB3 RAILMAB1 RAILMAB4 RAILMAB2 RAILMAB3 RAILMAB4
852;Kiosk-Mann Sleeps;99;0;1;20;12;39;0;0;1;1;-999;999;0;KIOSKZZ
900;Schilder für Logos;99;1;0;60;0;43;3;-4;44;22;110;110;0;FARBRICH
910;Links-Icons;99;0;0;65;0;0;3;-4;44;22;110;110;0;PICTORL
911;Rechts-Icons;99;0;0;65;0;0;3;-4;44;22;110;110;0;PICTORR
950;Gitter Duty-Free;99;0;2;20;0;0;0;0;1;1;-999;999;0;GITTDUTY
951;Gitter Arab-Air;99;0;2;20;0;45;0;1;1;1;-999;999;0;GITTARAB
952;Gitter LastMinute;99;0;2;20;0;51;0;2;1;1;-999;999;0;GITTLM
953;Gitter Museum;99;0;2;20;0;2;0;3;1;1;-999;999;0;GITTMUSE
954;Gitter Reisebüro;99;0;2;20;0;51;0;4;1;1;-999;999;0;GITTREIS
955;Gitter Makler;99;0;2;60;0;77;0;5;1;1;-999;999;0;GITTBURO
956;Gitter Werbung;99;0;2;60;0;80;0;6;1;1;-999;999;0;GITTBURO
2000;Creation;99;0;0;80;0;0;-14;2;44;22;-999;999;99;RUNE1A
2001;PCreation;99;0;0;80;0;0;-14;2;44;22;-999;999;99;RUNE1B
2002;Destruction;99;0;0;80;0;0;-14;2;44;22;-999;999;99;RUNE1C
2003;PCreation2;99;0;0;80;0;0;-14;2;44;22;-999;999;99;RUNE1B2
2010;Rune1.lbm;99;0;0;80;0;0;-14;2;44;22;-999;999;99;RUNE1D
2011;Rune1.lbm;99;0;0;80;0;0;-14;2;44;22;-999;999;99;RUNE1E
2012;Rune1.lbm;99;0;0;80;0;0;-14;2;44;22;-999;999;99;RUNE1F
2013;Rune1.lbm;99;0;0;80;0;0;-14;2;44;22;-999;999;99;RUNE1G
2020;Rune1.lbm;99;0;0;80;0;0;-14;2;44;22;-999;999;99;RUNE1H
2021;Rune1.lbm;99;0;0;80;0;0;-14;2;44;22;-999;999;99;RUNE1I
2036;Rune1b.lbm;99;0;0;80;0;0;-14;2;44;22;-999;999;99;RUNE2A
2037;Rune1b.lbm;99;0;0;80;0;0;-14;2;44;22;-999;999;99;RUNE2B
2038;Rune1b.lbm;99;0;0;80;0;0;-17;3;44;22;-999;999;99;RUNE2C
2039;Rune1b.lbm;99;0;0;80;0;0;-21;8;44;22;-999;999;99;RUNE2D
2022;Rune1b.lbm;99;0;0;80;0;0;-14;2;44;22;-999;999;99;RUNE2E
2023;Rune1b.lbm;99;0;0;80;0;0;-14;2;44;22;-999;999;99;RUNE2F
2025;Rune1b.lbm;99;0;0;80;0;0;-17;3;44;22;-999;999;99;RUNE2G
2026;Rune1b.lbm;99;0;0;80;0;0;-21;8;44;22;-999;999;99;RUNE2H
2030;Warteschlange;99;0;0;80;0;0;-16;-1;44;22;-999;999;99;RUNE3A
2031;Warteschlange;99;0;0;80;0;0;-16;-1;44;22;-999;999;99;RUNE3B
2032;Rune2.lbm;99;0;0;80;0;0;-16;-1;44;22;-999;999;99;RUNE3C
2033;Rune2.lbm;99;0;0;80;0;0;-16;-1;44;22;-999;999;99;RUNE3D
2034;Rune2.lbm;99;0;0;80;0;0;-16;-1;44;22;-999;999;99;RUNE3E
2035;Rune2.lbm;99;0;0;80;0;0;-16;-1;44;22;-999;999;99;RUNE3F
2041;Kofferabgabe;99;0;0;80;0;0;-16;-1;44;22;-999;999;99;RUNE3BB
2042;Kofferdestruction;99;0;0;80;0;0;-16;-1;44;22;-999;999;99;RUNE3BB2
2043;Koffercreation;99;0;0;80;0;0;-16;-1;44;22;-999;999;99;RUNE3BB3
2044;Ausgang des CheckIn-Bereichs (rechts);99;0;0;80;0;0;-16;-1;44;22;-999;999;99;RUNE3B2
2040;Rune2.lbm;99;0;0;80;0;0;-16;-1;44;22;-999;999;99;RUNE3G
2045;Durchleuchterrune;99;0;0;80;0;0;-16;-1;44;22;-999;999;99;RUNE3H
2050;Flughafenende links;99;0;0;80;0;0;-14;2;44;22;-999;999;99;RUNE4A
2051;Flughafenende rechts;99;0;0;80;0;0;-14;2;44;22;-999;999;99;RUNE4B
2054;Waypoint Start;99;0;0;80;0;0;-14;2;44;22;-999;999;99;RUNE4E
2055;Waypoint;99;0;0;80;0;0;-14;2;44;22;-999;999;99;RUNE4C
2056;Waypoint + Gimmick;99;0;0;80;0;0;-14;2;44;22;-999;999;99;RUNE4D
2057;Waypoint + Wait;99;0;0;80;0;0;-14;2;44;22;-999;999;99;RUNE4F
2060;Rune3.lbm;99;0;0;80;0;0;-14;2;44;22;-999;999;99;RUNE8A
2061;Rune3.lbm;99;0;0;80;0;0;-14;2;44;22;-999;999;99;RUNE8B
2062;Rune3.lbm;99;0;0;80;0;0;-14;2;44;22;-999;999;99;RUNE8C
2063;Rune3.lbm;99;0;0;80;0;0;-14;2;44;22;-999;999;99;RUNE8D
2064;Rune3.lbm;99;0;0;80;0;0;-14;2;44;22;-999;999;99;RUNE8E
2065;ClipMiddle;99;0;0;80;0;0;-14;2;44;22;-999;999;99;RUNE5A
2066;ClipFull;99;0;0;80;0;0;-14;2;44;22;-999;999;99;RUNE5B
2067;ClipNone;99;0;0;80;0;0;-14;2;44;22;-999;999;99;RUNE5C
2070;Cond. Block N;99;0;0;80;0;0;-14;2;44;22;-999;999;99;RUNE6A
