Typ;Group;Comment;Update;W'keit;Speed;Faktor;Koffer;Gimmik beim laufen oder Gimmick OffsetX;Gimmick beim warten oder Gimmick OffsetX;OffsetX;OffsetY;Palette;Norden;...;Anz;Osten;...;Anz;Süden;...;Anz;Westen;...;Anz;Rennen: Norden;;Anz;Rennen: Osten;;Anz;Rennen: Süden;;Anz;Rennen: Westen;;Anz;Gimmick;Anz;Winken;Anz;SitzenN;Anz;SitzenS;Anz;Stehen;Stehgimmick;Anz
10;-;Schwester Anne;0;100;3;3;-1;3;3;0;0;SCHW_PAL.LBM;SCHW_N01;SCHW_N01;3;SCHW_O01 SCHW_O02 SCHW_O03 SCHW_O04;SCHW_O01;6;SCHW_S01 SCHW_S02 SCHW_S03 SCHW_S04;SCHW_S01;3;SCHW_W01 SCHW_W02 SCHW_W03 SCHW_W04;SCHW_W01;6;SCHW_N01;SCHW_N01;3;SCHW_O01 SCHW_O02 SCHW_O03 SCHW_O04;SCHW_O01;6;SCHW_S01 SCHW_S02 SCHW_S03 SCHW_S04;SCHW_S01;3;SCHW_W01 SCHW_W02 SCHW_W03 SCHW_W04;SCHW_W01;6;SCHW_W03;-1;SCHW_W01;-1;SCHWSITN;-1;SCHWSITS;-1;SCHW_WN SCHW_WO SCHW_WS SCHW_WW;SCHW_WN;-1
-;-;-;-;-;-;-;-;-;-;0;0;-;SH_BIG;SH_BIG;1;SH_BIG;SH_BIG;1;SH_BIG;SH_BIG;1;SH_BIG;SH_BIG;1;SH_BIG;SH_BIG;1;SH_BIG;SH_BIG;1;SH_BIG;SH_BIG;1;SH_BIG;SH_BIG;1;SH_BIG;-1;SH_BIG;-1;SH_BIG;-1;SH_BIG;-1;SH_BIG SH_BIG SH_BIG SH_BIG;SH_BIG;-1
-;-;-;-;-;-;-;-;-;-;0;0;-;SK_O01;SK_O01;1;SCHWSK1;SCHWSK1;6;SK_O01;SK_O01;1;SK_W01;SK_W01;6;SK_O01;SK_O01;1;SK_O01;SK_O01;6;SK_O01;SK_O01;1;SK_W01;SK_W01;6;SK_O01;-1;SK_O01;-1;SK_O01;-1;SK_O01;-1;SCHWSK1 SCHWSK1 SCHWSK1 SCHWSK1;SK_O01;-1
10;-;Schwester Anne;0;100;3;3;1;3;3;0;0;SCHW_PAL.LBM;SCHW_N01;SCHW_N01;3;SCHW_O01 SCHW_O02 SCHW_O03 SCHW_O04;SCHW_O01;6;SCHW_S01 SCHW_S02 SCHW_S03 SCHW_S04;SCHW_S01;3;SCHW_W01 SCHW_W02 SCHW_W03 SCHW_W04;SCHW_W01;6;SCHW_N01;SCHW_N01;3;SCHW_O01 SCHW_O02 SCHW_O03 SCHW_O04;SCHW_O01;6;SCHW_S01 SCHW_S02 SCHW_S03 SCHW_S04;SCHW_S01;3;SCHW_W01 SCHW_W02 SCHW_W03 SCHW_W04;SCHW_W01;6;SCHW_W03;-1;SCHW_W01;-1;SCHWSITN;-1;SCHWSITS;-1;SCHW_WN SCHW_WO SCHW_WS SCHW_WW;SCHW_WN;-1
-;-;-;-;-;-;-;-;-;-;0;0;-;SH_BIG;SH_BIG;1;SH_BIG;SH_BIG;1;SH_BIG;SH_BIG;1;SH_BIG;SH_BIG;1;SH_BIG;SH_BIG;1;SH_BIG;SH_BIG;1;SH_BIG;SH_BIG;1;SH_BIG;SH_BIG;1;SH_BIG;-1;SH_BIG;-1;SH_BIG;-1;SH_BIG;-1;SH_BIG SH_BIG SH_BIG SH_BIG;SH_BIG;-1
-;-;-;-;-;-;-;-;-;-;0;0;-;SK_O01;SK_O01;1;SCHWSK1;SCHWSK1;6;SK_O01;SK_O01;1;SK_W01;SK_W01;6;SK_O01;SK_O01;1;SK_O01;SK_O01;6;SK_O01;SK_O01;1;SK_W01;SK_W01;6;SK_O01;-1;SK_O01;-1;SK_O01;-1;SK_O01;-1;SCHWSK1 SCHWSK1 SCHWSK1 SCHWSK1;SK_O01;-1
11;-;Soldat;0;100;3;3;-16;-;-;0;0;MIL_PAL.LBM;MILN_01;MILN_01;3;MILR_01;MILR_01;6;MILS_01;MILS_01;3;MILL_01;MILL_01;6;MILN_01;MILN_01;3;MILR_01;MILR_01;6;MILS_01;MILS_01;3;MILL_01;MILL_01;6;SCHW_W03;-1;SCHW_W01;-1;MILSITN;-1;MILSITS;-1;MILNW_01 MILRW_01 MILSW_01 MILLW_01;MILNW_01;-1
-;-;-;-;-;-;-;-;-;-;0;0;-;SH_BIG;SH_BIG;1;SH_BIG;SH_BIG;1;SH_BIG;SH_BIG;1;SH_BIG;SH_BIG;1;SH_BIG;SH_BIG;1;SH_BIG;SH_BIG;1;SH_BIG;SH_BIG;1;SH_BIG;SH_BIG;1;SH_BIG;-1;SH_BIG;-1;SH_BIG;-1;SH_BIG;-1;SH_BIG SH_BIG SH_BIG SH_BIG;SH_BIG;-1
-;-;-;-;-;-;-;-;-;-;0;2;-;SK_O01;SK_O01;1;MILSK1;MILSK1;6;SK_O01;SK_O01;1;SK_W01;SK_W01;6;SK_O01;SK_O01;1;SK_O01;SK_O01;6;SK_O01;SK_O01;1;SK_W01;SK_W01;6;SK_O01;-1;SK_O01;-1;SK_O01;-1;SK_O01;-1;SCHWSK1 SCHWSK1 SCHWSK1 SCHWSK1;SK_O01;-1
11;-;Soldat;0;100;3;3;16;-;-;0;0;MIL_PAL.LBM;MIBN_01;MIBN_01;3;MIBR_01;MIBR_01;6;MIBS_01;MIBS_01;3;MIBL_01;MIBL_01;6;MIBN_01;MIBN_01;3;MIBR_01;MIBR_01;6;MIBS_01;MIBS_01;3;MIBL_01;MIBL_01;6;SCHW_W03;-1;SCHW_W01;-1;MILSITN;-1;MILSITS;-1;MIBNW_01 MIBRW_01 MIBSW_01 MIBLW_01;MILNW_01;-1
-;-;-;-;-;-;-;-;-;-;0;0;-;SH_BIG;SH_BIG;1;SH_BIG;SH_BIG;1;SH_BIG;SH_BIG;1;SH_BIG;SH_BIG;1;SH_BIG;SH_BIG;1;SH_BIG;SH_BIG;1;SH_BIG;SH_BIG;1;SH_BIG;SH_BIG;1;SH_BIG;-1;SH_BIG;-1;SH_BIG;-1;SH_BIG;-1;SH_BIG SH_BIG SH_BIG SH_BIG;SH_BIG;-1
-;-;-;-;-;-;-;-;-;-;0;2;-;SK_O01;SK_O01;1;MILSK1;MILSK1;6;SK_O01;SK_O01;1;SK_W01;SK_W01;6;SK_O01;SK_O01;1;SK_O01;SK_O01;6;SK_O01;SK_O01;1;SK_W01;SK_W01;6;SK_O01;-1;SK_O01;-1;SK_O01;-1;SK_O01;-1;SCHWSK1 SCHWSK1 SCHWSK1 SCHWSK1;SK_O01;-1
11;-;Gefangener;0;20;3;3;-17;-;-;0;0;PRI_PAL.LBM;PRIN_01;PRIN_01;3;PRIO_01;PRIO_01;6;PRIS_01;PRIS_01;3;PRIW_01;PRIW_01;6;PRIL_01;PRIL_01;6;PRIL_01;PRIL_01;6;PRIL_01;PRIL_01;6;PRIL_01;PRIL_01;6;PRIW_01;-1;PRIW_01;-1;PRISITN;-1;PRISITS;-1;PRIWN PRIWO PRWS PRIWW;PRIWN;-1
-;-;-;-;-;-;-;-;-;-;0;2;-;SH_BIG;SH_BIG;1;SH_BIG;SH_BIG;1;SH_BIG;SH_BIG;1;SH_BIG;SH_BIG;1;SH_BIG;SH_BIG;1;SH_BIG;SH_BIG;1;SH_BIG;SH_BIG;1;SH_BIG;SH_BIG;1;SH_BIG;-1;SH_BIG;-1;SH_BIG;-1;SH_BIG;-1;SH_BIG SH_BIG SH_BIG SH_BIG;SH_BIG;-1
-;-;-;-;-;-;-;-;-;-;0;0;-;SK_O01;SK_O01;1;SCHWSK1;SCHWSK1;6;SK_O01;SK_O01;1;SK_W01;SK_W01;6;SK_O01;SK_O01;1;SK_O01;SK_O01;6;SK_O01;SK_O01;1;SK_W01;SK_W01;6;SK_O01;-1;SK_O01;-1;SK_O01;-1;SK_O01;-1;SCHWSK1 SCHWSK1 SCHWSK1 SCHWSK1;SK_O01;-1
11;-;Gefangener;0;20;2;3;17;-;-;0;0;PRI_PAL.LBM;PRKN_01;PRKN_01;3;PRKO_01;PRKO_01;6;PRKS_01;PRKS_01;3;PRKW_01;PRKW_01;6;PRKL_01;PRKL_01;6;PRKL_01;PRKL_01;6;PRKL_01;PRKL_01;6;PRKL_01;PRKL_01;6;PRKW_01;-1;PRKW_01;-1;PRISITN;-1;PRISITS;-1;PRKWN PRKWO PRWS PRKWW;PRIWN;-1
-;-;-;-;-;-;-;-;-;-;0;2;-;SH_BIG;SH_BIG;1;SH_BIG;SH_BIG;1;SH_BIG;SH_BIG;1;SH_BIG;SH_BIG;1;SH_BIG;SH_BIG;1;SH_BIG;SH_BIG;1;SH_BIG;SH_BIG;1;SH_BIG;SH_BIG;1;SH_BIG;-1;SH_BIG;-1;SH_BIG;-1;SH_BIG;-1;SH_BIG SH_BIG SH_BIG SH_BIG;SH_BIG;-1
-;-;-;-;-;-;-;-;-;-;0;0;-;SK_O01;SK_O01;1;SCHWSK1;SCHWSK1;6;SK_O01;SK_O01;1;SK_W01;SK_W01;6;SK_O01;SK_O01;1;SK_O01;SK_O01;6;SK_O01;SK_O01;1;SK_W01;SK_W01;6;SK_O01;-1;SK_O01;-1;SK_O01;-1;SK_O01;-1;SCHWSK1 SCHWSK1 SCHWSK1 SCHWSK1;SK_O01;-1
11;-;Camper;0;100;3;3;0;-;-;0;1;CAMP_PAL.LBM;CAMP_N01;CAMP_N01;3;CAMP_O01 CAMP_O02 CAMP_O03 CAMP_O04;CAMP_O01;6;CAMP_S01 CAMP_S02 CAMP_S03 CAMP_S04;CAMP_S01;3;CAMP_W01 CAMP_W02 CAMP_W03 CAMP_W04;CAMP_W01;6;CAMP_N01;CAMP_N01;6;CAMP_O01 CAMP_O02 CAMP_O03 CAMP_O04;CAMP_O01;6;CAMP_S01 CAMP_S02 CAMP_S03 CAMP_S04;CAMP_S01;6;CAMP_W01 CAMP_W02 CAMP_W03 CAMP_W04;CAMP_W01;6;SCHW_W03;-1;SCHW_W01;-1;CAMPSITN;-1;CAMPSITS;-1;CAMP_WN CAMP_WO CAMP_WS CAMP_WW;CAMP_WN;-1
-;-;-;-;-;-;-;-;-;-;0;0;-;SH_BIG;SH_BIG;1;SH_BIG;SH_BIG;1;SH_BIG;SH_BIG;1;SH_BIG;SH_BIG;1;SH_BIG;SH_BIG;1;SH_BIG;SH_BIG;1;SH_BIG;SH_BIG;1;SH_BIG;SH_BIG;1;SH_BIG;-1;SH_BIG;-1;SH_BIG;-1;SH_BIG;-1;SH_BIG SH_BIG SH_BIG SH_BIG;SH_BIG;-1
-;-;-;-;-;-;-;-;-;-;0;2;-;SK_O01;SK_O01;1;CAMPSK1;CAMPSK1;6;SK_O01;SK_O01;1;SK_W01;SK_W01;6;SK_O01;SK_O01;1;SK_O01;SK_O01;6;SK_O01;SK_O01;1;SK_W01;SK_W01;6;SK_O01;-1;SK_O01;-1;SK_O01;-1;SK_O01;-1; CAMPSK1 CAMPSK1 CAMPSK1 CAMPSK1;SK_O01;-1
11;-;Alter Mann (ohne Koffer);0;100;5;1;-15;-;-;0;0;OLDM_PAL.LBM;OLDM_LN1;OLDM_LN1;6;OLDM_LO1;OLDM_LO1;6;OLDM_LS1;OLDM_LS1;6;OLDM_LW1;OLDM_LW1;6;OLDM_LN1;OLDM_LN1;6;OLDM_LO1;OLDM_LO1;6;OLDM_LS1;OLDM_LS1;6;OLDM_LW1;OLDM_LW1;6;SCHW_W03;-1;SCHW_W01;-1;OLDMSITN;-1;OLDMSITS;-1;OLDM_WN OLDM_WO OLDM_WS OLDM_WW;OLDM_WN;-1
-;-;-;-;-;-;-;-;-;-;0;0;-;SH_BIG;SH_BIG;1;SH_BIG;SH_BIG;1;SH_BIG;SH_BIG;1;SH_BIG;SH_BIG;1;SH_BIG;SH_BIG;1;SH_BIG;SH_BIG;1;SH_BIG;SH_BIG;1;SH_BIG;SH_BIG;1;SH_BIG;-1;SH_BIG;-1;SH_BIG;-1;SH_BIG;-1;SH_BIG SH_BIG SH_BIG SH_BIG;SH_BIG;-1
-;-;-;-;-;-;-;-;-;-;0;0;-;SK_O01;SK_O01;1;OLDMSK1;OLDMSK1;6;SK_O01;SK_O01;1;SK_W01;SK_W01;6;SK_O01;SK_O01;1;SK_O01;SK_O01;6;SK_O01;SK_O01;1;SK_W01;SK_W01;6;SK_O01;-1;SK_O01;-1;SK_O01;-1;SK_O01;-1;OLDMSK1 OLDMSK1 OLDMSK1 OLDMSK1;SK_O01;-1
11;-;Alter Mann (mit Koffer);0;100;1;1;15;-;-;0;0;OLDM_PAL.LBM;OLDM_CN1;OLDM_CN1;6;OLDM_CO1;OLDM_CO1;6;OLDM_CS1;OLDM_CS1;6;OLDM_CW1;OLDM_CW1;6;OLDM_CN1;OLDM_CN1;6;OLDM_CO1;OLDM_CO1;6;OLDM_CS1;OLDM_CS1;6;OLDM_CW1;OLDM_CW1;6;SCHW_W03;-1;SCHW_W01;-1;OLDMSITN;-1;OLDMSITS;-1;OLDM_PN OLDM_PO OLDM_PS OLDM_PW;OLDM_WN;-1
-;-;-;-;-;-;-;-;-;-;0;0;-;SH_BIG;SH_BIG;1;SH_BIG;SH_BIG;1;SH_BIG;SH_BIG;1;SH_BIG;SH_BIG;1;SH_BIG;SH_BIG;1;SH_BIG;SH_BIG;1;SH_BIG;SH_BIG;1;SH_BIG;SH_BIG;1;SH_BIG;-1;SH_BIG;-1;SH_BIG;-1;SH_BIG;-1;SH_BIG SH_BIG SH_BIG SH_BIG;SH_BIG;-1
-;-;-;-;-;-;-;-;-;-;0;0;-;SK_O01;SK_O01;1;OLDMSK1;OLDMSK1;6;SK_O01;SK_O01;1;SK_W01;SK_W01;6;SK_O01;SK_O01;1;SK_O01;SK_O01;6;SK_O01;SK_O01;1;SK_W01;SK_W01;6;SK_O01;-1;SK_O01;-1;SK_O01;-1;SK_O01;-1;OLDMSK1 OLDMSK1 OLDMSK1 OLDMSK1;SK_O01;-1
11;-;Black Man;0;100;5;3;0;-;-;0;0;BLAC_PAL.LBM;BLAC_N01;BLAC_N01;6;BLAC_O01 BLAC_O02 BLAC_O03 BLAC_O04;BLAC_O01;6;BLAC_S01 BLAC_S02 BLAC_S03 BLAC_S04;BLAC_S01;6;BLAC_W01 BLAC_W02 BLAC_W03 BLAC_W04;BLAC_W01;6;BLAC_N01;BLAC_N01;6;BLAC_O01 BLAC_O02 BLAC_O03 BLAC_O04;BLAC_O01;6;BLAC_S01 BLAC_S02 BLAC_S03 BLAC_S04;BLAC_S01;6;BLAC_W01 BLAC_W02 BLAC_W03 BLAC_W04;BLAC_W01;6;SCHW_W03;-1;SCHW_W01;-1;BLACSITN;-1;BLACSITS;-1;BLAC_WN BLAC_WO BLAC_WS BLAC_WW;BLAC_WN;-1
-;-;-;-;-;-;-;-;-;-;0;0;-;SH_BIG;SH_BIG;1;SH_BIG;SH_BIG;1;SH_BIG;SH_BIG;1;SH_BIG;SH_BIG;1;SH_BIG;SH_BIG;1;SH_BIG;SH_BIG;1;SH_BIG;SH_BIG;1;SH_BIG;SH_BIG;1;SH_BIG;-1;SH_BIG;-1;SH_BIG;-1;SH_BIG;-1;SH_BIG SH_BIG SH_BIG SH_BIG;SH_BIG;-1
-;-;-;-;-;-;-;-;-;-;0;0;-;SK_O01;SK_O01;1;BLACSK1;BLACSK1;6;SK_O01;SK_O01;1;SK_W01;SK_W01;6;SK_O01;SK_O01;1;SK_O01;SK_O01;6;SK_O01;SK_O01;1;SK_W01;SK_W01;6;SK_O01;-1;SK_O01;-1;SK_O01;-1;SK_O01;-1;BLACSK1 BLACSK1 BLACSK1 BLACSK1;SK_O01;-1
11;-;Engländer;0;100;5;3;0;-;-;0;0;AN_PAL.LBM;ANN_01;ANN_01;3;ANO_01;ANO_01;6;ANS_01;ANS_01;3;ANW_01;ANW_01;6;ANW_01;ANW_01;6;ANW_01;ANW_01;6;ANW_01;ANW_01;6;ANW_01;ANW_01;6;ANW_01;-1;ANW_01;-1;ANSITN;-1;ANSITS;-1;ANWN ANWO ANWS ANWW;ANW_01;-1
-;-;-;-;-;-;-;-;-;-;0;0;-;SH_BIG;SH_BIG;1;SH_BIG3;SH_BIG3;1;SH_BIG;SH_BIG;1;SH_BIG2;SH_BIG2;1;SH_BIG;SH_BIG;1;SH_BIG;SH_BIG;1;SH_BIG;SH_BIG;1;SH_BIG;SH_BIG;1;SH_BIG;-1;SH_BIG;-1;SH_BIG;-1;SH_BIG;-1;SH_BIG SH_BIG SH_BIG SH_BIG;SH_BIG;-1
-;-;-;-;-;-;-;-;-;-;0;0;-;SK_O01;SK_O01;1;ANSK1;ANSK1;6;SK_O01;SK_O01;1;SK_W01;SK_W01;6;SK_O01;SK_O01;1;SK_O01;SK_O01;6;SK_O01;SK_O01;1;SK_W01;SK_W01;6;SK_O01;-1;SK_O01;-1;SK_O01;-1;SK_O01;-1;SK_O01 SK_O01 SK_O01 SK_O01;SK_O01;-1
11;-;Schwuler;0;100;5;3;0;-;-;0;0;PD_PAL.LBM;PDN_01;PDN_01;3;PDO_01;PDO_01;6;PDS_01;PDS_01;3;PDW_01;PDW_01;6;PDW_01;PDW_01;6;PDW_01;PDW_01;6;PDW_01;PDW_01;6;PDW_01;PDW_01;6;PDW_01;-1;PDW_01;-1;PDSITN;-1;PDSITS;-1;PDWN_01 PDWO_01 PDWS_01 PDWW_01;PDW_01;-1
-;-;-;-;-;-;-;-;-;-;0;0;-;SH_BIG;SH_BIG;1;SH_BIG3;SH_BIG3;1;SH_BIG;SH_BIG;1;SH_BIG2;SH_BIG2;1;SH_BIG;SH_BIG;1;SH_BIG;SH_BIG;1;SH_BIG;SH_BIG;1;SH_BIG;SH_BIG;1;SH_BIG;-1;SH_BIG;-1;SH_BIG;-1;SH_BIG;-1;SH_BIG SH_BIG SH_BIG SH_BIG;SH_BIG;-1
-;-;-;-;-;-;-;-;-;-;-1;0;-;SK_O01;SK_O01;1;PDSK1;PDSK1;6;SK_O01;SK_O01;1;SK_W01;SK_W01;6;SK_O01;SK_O01;1;SK_O01;SK_O01;6;SK_O01;SK_O01;1;SK_W01;SK_W01;6;SK_O01;-1;SK_O01;-1;SK_O01;-1;SK_O01;-1;SK_O01 SK_O01 SK_O01 SK_O01;SK_O01;-1
11;-;Arbeiter;0;100;3;3;0;-;-;0;0;ARB_PAL.LBM;ARBN_01;ARBN_01;3;ARBO_01;ARBO_01;6;ARBS_01;ARBS_01;3;ARBW_01;ARBW_01;6;ARBW_01;ARBW_01;6;ARBW_01;ARBW_01;6;ARBW_01;ARBW_01;6;ARBW_01;ARBW_01;6;ARBW_01;-1;ARBW_01;-1;ARBSITN;-1;ARBSITS;-1;ARBWN_01 ARBWO_01 ARBWS_01 ARBWW_01;ARBWN_01;-1
-;-;-;-;-;-;-;-;-;-;0;3;-;SH_BIG;SH_BIG;1;SH_BIG;SH_BIG;1;SH_BIG;SH_BIG;1;SH_BIG;SH_BIG;1;SH_BIG;SH_BIG;1;SH_BIG;SH_BIG;1;SH_BIG;SH_BIG;1;SH_BIG;SH_BIG;1;SH_BIG;-1;SH_BIG;-1;SH_BIG;-1;SH_BIG;-1;SH_BIG SH_BIG SH_BIG SH_BIG;SH_BIG;-1
-;-;-;-;-;-;-;-;-;-;0;0;-;SK_O01;SK_O01;1;ARBSK1;ARBSK1;6;SK_O01;SK_O01;1;SK_W01;SK_W01;6;SK_O01;SK_O01;1;SK_O01;SK_O01;6;SK_O01;SK_O01;1;SK_W01;SK_W01;6;SK_O01;-1;SK_O01;-1;SK_O01;-1;SK_O01;-1;SK_O01 SK_O01 SK_O01 SK_O01;SK_O01;-1
10;-;Rocker;0;100;3;3;0;-;-;0;0;ROCK_PAL.LBM;RON_01;RON_01;3;ROO_01;ROO_01;6;ROS_01;ROS_01;3;ROW_01;ROW_01;6;ROW_01;ROW_01;6;ROW_01;ROW_01;6;ROW_01;ROW_01;6;ROW_01;ROW_01;6;ROW_01;-1;ROW_01;-1;ROSITN;-1;ROSITS;-1;ROWN_01 ROWO_01 ROWS_01 ROWW_01;ROWN_01;-1
-;-;-;-;-;-;-;-;-;-;0;3;-;SH_BIG;SH_BIG;1;SH_BIG;SH_BIG;1;SH_BIG;SH_BIG;1;SH_BIG;SH_BIG;1;SH_BIG;SH_BIG;1;SH_BIG;SH_BIG;1;SH_BIG;SH_BIG;1;SH_BIG;SH_BIG;1;SH_BIG;-1;SH_BIG;-1;SH_BIG;-1;SH_BIG;-1;SH_BIG SH_BIG SH_BIG SH_BIG;SH_BIG;-1
-;-;-;-;-;-;-;-;-;-;6;5;-;SK_O01;SK_O01;1;SK_O01;SK_O01;6;SK_O01;SK_O01;1;SK_W01;SK_W01;6;SK_O01;SK_O01;1;SK_O01;SK_O01;6;SK_O01;SK_O01;1;SK_W01;SK_W01;6;SK_O01;-1;SK_O01;-1;SK_O01;-1;SK_O01;-1;SK_O01 SK_O01 SK_O01 SK_O01;SK_O01;-1
11;-;Tourist;0;100;3;3;0;-;-;0;0;TOUR_PAL.LBM;TON_01;TON_01;3;TOO_01;TOO_01;6;TOS_01;TOS_01;3;TOW_01;TOW_01;6;TOW_01;TOW_01;6;TOW_01;TOW_01;6;TOW_01;TOW_01;6;TOW_01;TOW_01;6;TOW_01;-1;TOW_01;-1;TOSITN;-1;TOSITS;-1;TOWN_01 TOWO_01 TOWS_01 TOWW_01;TOWN_01;-1
-;-;-;-;-;-;-;-;-;-;0;3;-;SH_BIG;SH_BIG;1;SH_BIG;SH_BIG;1;SH_BIG;SH_BIG;1;SH_BIG;SH_BIG;1;SH_BIG;SH_BIG;1;SH_BIG;SH_BIG;1;SH_BIG;SH_BIG;1;SH_BIG;SH_BIG;1;SH_BIG;-1;SH_BIG;-1;SH_BIG;-1;SH_BIG;-1;SH_BIG SH_BIG SH_BIG SH_BIG;SH_BIG;-1
-;-;-;-;-;-;-;-;-;-;8;2;-;SK_O01;SK_O01;1;SCHWSK1;SCHWSK1;6;SK_O01;SK_O01;1;SK_W01;SK_W01;6;SK_O01;SK_O01;1;SK_O01;SK_O01;6;SK_O01;SK_O01;1;SK_W01;SK_W01;6;SK_O01;-1;SK_O01;-1;SK_O01;-1;SK_O01;-1;SK_O01 SK_O01 SK_O01 SK_O01;SK_O01;-1
11;-;Amerikaner;0;100;3;3;0;-;-;0;0;AMK_PAL.LBM;AMKN_01;AMKN_01;3;AMKO_01;AMKO_01;6;AMKS_01;AMKS_01;3;AMKW_01;AMKW_01;6;AMKW_01;AMKW_01;6;AMKW_01;AMKW_01;6;AMKW_01;AMKW_01;6;AMKW_01;AMKW_01;6;AMKW_01;-1;AMKW_01;-1;AMKSITN;-1;AMKSITS;-1;AMKWN_01 AMKWO_01 AMKWS_01 AMKWW_01;AMKWN_01;-1
-;-;-;-;-;-;-;-;-;-;0;3;-;SH_BIG;SH_BIG;1;SH_BIG;SH_BIG;1;SH_BIG;SH_BIG;1;SH_BIG;SH_BIG;1;SH_BIG;SH_BIG;1;SH_BIG;SH_BIG;1;SH_BIG;SH_BIG;1;SH_BIG;SH_BIG;1;SH_BIG;-1;SH_BIG;-1;SH_BIG;-1;SH_BIG;-1;SH_BIG SH_BIG SH_BIG SH_BIG;SH_BIG;-1
-;-;-;-;-;-;-;-;-;-;8;2;-;SK_O01;SK_O01;1;AMSK1;AMSK1;6;SK_O01;SK_O01;1;SK_W01;SK_W01;6;SK_O01;SK_O01;1;SK_O01;SK_O01;6;SK_O01;SK_O01;1;SK_W01;SK_W01;6;SK_O01;-1;SK_O01;-1;SK_O01;-1;SK_O01;-1;SK_O01 SK_O01 SK_O01 SK_O01;SK_O01;-1
11;-;Supporter (Fan);0;100;3;3;-18;-;-;0;0;FAN_PAL.LBM;SUN_01;SUN_01;3;SUO_01;SUO_01;6;SUS_01;SUS_01;3;SUW_01;SUW_01;6;SUW_01;SUW_01;6;SUW_01;SUW_01;6;SUW_01;SUW_01;6;SUW_01;SUW_01;6;SUW_01;-1;SUW_01;-1;SUSITN;-1;SUSITS;-1;SUWN_01 SUWO_01 SUWS_01 SUWW_01;SUW_01;-1
-;-;ohne Koffer;-;-;-;-;-;-;-;0;3;-;SH_BIG;SH_BIG;1;SH_BIG3;SH_BIG3;1;SH_BIG;SH_BIG;1;SH_BIG2;SH_BIG2;1;SH_BIG;SH_BIG;1;SH_BIG;SH_BIG;1;SH_BIG;SH_BIG;1;SH_BIG;SH_BIG;1;SH_BIG;-1;SH_BIG;-1;SH_BIG;-1;SH_BIG;-1;SH_BIG SH_BIG SH_BIG SH_BIG;SH_BIG;-1
-;-;-;-;-;-;-;-;-;-;0;0;-;SK_O01;SK_O01;1;SUSK1;SUSK1;6;SK_O01;SK_O01;1;SK_W01;SK_W01;6;SK_O01;SK_O01;1;SK_O01;SK_O01;6;SK_O01;SK_O01;1;SK_W01;SK_W01;6;SK_O01;-1;SK_O01;-1;SK_O01;-1;SK_O01;-1;SK_O01 SK_O01 SK_O01 SK_O01;SK_O01;-1
11;-;Supporter (Fan);0;100;3;3;18;-;-;0;0;FAN_PAL.LBM;SUKN_01;SUKN_01;3;SUKO_01;SUKO_01;6;SUKS_01;SUKS_01;3;SUKW_01;SUKW_01;6;SUKW_01;SUKW_01;6;SUKW_01;SUKW_01;6;SUKW_01;SUKW_01;6;SUKW_01;SUKW_01;6;SUKW_01;-1;SUKW_01;-1;SUSITN;-1;SUSITS;-1;SUKWN_01 SUKWO_06 SUKWS_01 SUKWW_01;SUKW_01;-1
-;-;mit Koffer;-;-;-;-;-;-;-;0;3;-;SH_BIG;SH_BIG;1;SH_BIG3;SH_BIG3;1;SH_BIG;SH_BIG;1;SH_BIG2;SH_BIG2;1;SH_BIG;SH_BIG;1;SH_BIG;SH_BIG;1;SH_BIG;SH_BIG;1;SH_BIG;SH_BIG;1;SH_BIG;-1;SH_BIG;-1;SH_BIG;-1;SH_BIG;-1;SH_BIG SH_BIG SH_BIG SH_BIG;SH_BIG;-1
-;-;-;-;-;-;-;-;-;-;0;0;-;SK_O01;SK_O01;1;SUSK1;SUSK1;6;SK_O01;SK_O01;1;SK_W01;SK_W01;6;SK_O01;SK_O01;1;SK_O01;SK_O01;6;SK_O01;SK_O01;1;SK_W01;SK_W01;6;SK_O01;-1;SK_O01;-1;SK_O01;-1;SK_O01;-1;SK_O01 SK_O01 SK_O01 SK_O01;SK_O01;-1
11;-;Radfahrer;0;100;3;3;-19;-;-;0;0;RAD_PAL.LBM;RAN_01;RAN_01;3;RAO_01;RAO_01;6;RAS_01;RAS_01;3;RAW_01;RAW_01;6;RAW_01;RAW_01;6;RAW_01;RAW_01;6;RAW_01;RAW_01;6;RAW_01;RAW_01;6;RAW_01;-1;RAW_01;-1;RASITN;-1;RASITS;-1;RAWN_01 RAWO_01 RAWS_01 RAWW_01;RAW_01;-1
-;-;ohne Koffer;-;-;-;-;-;-;-;0;3;-;SH_BIG;SH_BIG;1;SH_BIG4;SH_BIG4;1;SH_BIG;SH_BIG;1;SH_BIG4;SH_BIG4;1;SH_BIG;SH_BIG;1;SH_BIG;SH_BIG;1;SH_BIG;SH_BIG;1;SH_BIG;SH_BIG;1;SH_BIG;-1;SH_BIG;-1;SH_BIG;-1;SH_BIG;-1;SH_BIG SH_BIG SH_BIG SH_BIG;SH_BIG;-1
-;-;-;-;-;-;-;-;-;-;3;2;-;SK_O01;SK_O01;1;SK_O01;SK_O01;6;SK_O01;SK_O01;1;SK_W01;SK_W01;6;SK_O01;SK_O01;1;SK_O01;SK_O01;6;SK_O01;SK_O01;1;SK_W01;SK_W01;6;SK_O01;-1;SK_O01;-1;SK_O01;-1;SK_O01;-1;SK_O01 SK_O01 SK_O01 SK_O01;SK_O01;-1
11;-;Radfahrer;0;100;3;3;19;-;-;0;0;RAD_PAL.LBM;RADN_01;RADN_01;3;RADO_01;RADO_01;6;RADS_01;RADS_01;3;RADW_01;RADW_01;6;RADW_01;RADW_01;6;RADW_01;RADW_01;6;RADW_01;RADW_01;6;RADW_01;RADW_01;6;RADW_01;-1;RADW_01;-1;RASITN;-1;RASITS;-1;RADWN_01 RADWO_01 RADWS_01 RADWW_01;RADW_01;-1
-;-;mit Koffer;-;-;-;-;-;-;-;0;3;-;SH_BIG;SH_BIG;1;SH_BIG4;SH_BIG4;1;SH_BIG;SH_BIG;1;SH_BIG4;SH_BIG4;1;SH_BIG;SH_BIG;1;SH_BIG;SH_BIG;1;SH_BIG;SH_BIG;1;SH_BIG;SH_BIG;1;SH_BIG;-1;SH_BIG;-1;SH_BIG;-1;SH_BIG;-1;SH_BIG SH_BIG SH_BIG SH_BIG;SH_BIG;-1
-;-;-;-;-;-;-;-;-;-;3;2;-;SK_O01;SK_O01;1;SK_O01;SK_O01;6;SK_O01;SK_O01;1;SK_W01;SK_W01;6;SK_O01;SK_O01;1;SK_O01;SK_O01;6;SK_O01;SK_O01;1;SK_W01;SK_W01;6;SK_O01;-1;SK_O01;-1;SK_O01;-1;SK_O01;-1;SK_O01 SK_O01 SK_O01 SK_O01;SK_O01;-1
11;-;Cowboy;0;100;3;3;-20;-;-;0;0;COW_PAL.LBM;CON_01;CON_01;3;COO_01;COO_01;6;COS_01;COS_01;3;COW_01;COW_01;6;COW_01;COW_01;6;CON_01;CON_01;3;COO_01;COO_01;6;COS_01;COS_01;3;COW_01;-1;COW_01;-1;COSITN;-1;COSITS;-1;COWN_01 COWO_01 COWS_01 COWW_01;COW_01;-1
-;-;ohne Koffer;-;-;-;-;-;-;-;0;3;-;SH_BIG;SH_BIG;1;SH_BIG4;SH_BIG4;1;SH_BIG;SH_BIG;1;SH_BIG4;SH_BIG4;1;SH_BIG;SH_BIG;1;SH_BIG;SH_BIG;1;SH_BIG;SH_BIG;1;SH_BIG;SH_BIG;1;SH_BIG;-1;SH_BIG;-1;SH_BIG;-1;SH_BIG;-1;SH_BIG SH_BIG SH_BIG SH_BIG;SH_BIG;-1
-;-;-;-;-;-;-;-;-;-;0;0;-;SK_O01;SK_O01;1;SK_O01;SK_O01;6;SK_O01;SK_O01;1;SK_W01;SK_W01;6;SK_O01;SK_O01;1;SK_O01;SK_O01;6;SK_O01;SK_O01;1;SK_W01;SK_W01;6;SK_O01;-1;SK_O01;-1;SK_O01;-1;SK_O01;-1;SK_O01 SK_O01 SK_O01 SK_O01;SK_O01;-1
11;-;Cowboy;0;100;3;3;20;-;-;0;0;COW_PAL.LBM;COKN_01;COKN_01;3;COKO_01;COKO_01;6;COKS_01;COKS_01;3;COKW_01;COKW_01;6;COKW_01;COKW_01;6;COKN_01;COKN_01;3;COKO_01;COKO_01;6;COKS_01;COKS_01;3;COKW_01;-1;COKW_01;-1;COSITN;-1;COSITS;-1;COKWN_01 COKWO_01 COKWS_01 COKWW_01;COKW_01;-1
-;-;mit Koffer;-;-;-;-;-;-;-;0;3;-;SH_BIG;SH_BIG;1;SH_BIG4;SH_BIG4;1;SH_BIG;SH_BIG;1;SH_BIG4;SH_BIG4;1;SH_BIG;SH_BIG;1;SH_BIG;SH_BIG;1;SH_BIG;SH_BIG;1;SH_BIG;SH_BIG;1;SH_BIG;-1;SH_BIG;-1;SH_BIG;-1;SH_BIG;-1;SH_BIG SH_BIG SH_BIG SH_BIG;SH_BIG;-1
-;-;-;-;-;-;-;-;-;-;0;0;-;SK_O01;SK_O01;1;SK_O01;SK_O01;6;SK_O01;SK_O01;1;SK_W01;SK_W01;6;SK_O01;SK_O01;1;SK_O01;SK_O01;6;SK_O01;SK_O01;1;SK_W01;SK_W01;6;SK_O01;-1;SK_O01;-1;SK_O01;-1;SK_O01;-1;SK_O01 SK_O01 SK_O01 SK_O01;SK_O01;-1
10;-;Fitnissfrau;0;100;3;3;-21;-;-;0;0;BODY_PAL.LBM;BON_01;BON_01;3;BOO_01;BOO_01;6;BOS_01;BOS_01;3;BOW_01;BOW_01;6;BOW_01;BOW_01;6;BON_01;BON_01;3;BOO_01;BOO_01;6;BOS_01;BOS_01;3;BOW_01;-1;BOW_01;-1;BOSITN;-1;BOSITS;-1;BOWN_01 BOWO_01 BOWS_01 BOWW_01;BOW_01;-1
-;-;ohne Koffer;-;-;-;-;-;-;-;0;3;-;SH_BIG;SH_BIG;1;SH_BIG4;SH_BIG4;1;SH_BIG;SH_BIG;1;SH_BIG4;SH_BIG4;1;SH_BIG;SH_BIG;1;SH_BIG;SH_BIG;1;SH_BIG;SH_BIG;1;SH_BIG;SH_BIG;1;SH_BIG;-1;SH_BIG;-1;SH_BIG;-1;SH_BIG;-1;SH_BIG SH_BIG SH_BIG SH_BIG;SH_BIG;-1
-;-;-;-;-;-;-;-;-;-;3;4;-;SK_O01;SK_O01;1;SK_O01;SK_O01;6;SK_O01;SK_O01;1;SK_W01;SK_W01;6;SK_O01;SK_O01;1;SK_O01;SK_O01;6;SK_O01;SK_O01;1;SK_W01;SK_W01;6;SK_O01;-1;SK_O01;-1;SK_O01;-1;SK_O01;-1;SK_O01 SK_O01 SK_O01 SK_O01;SK_O01;-1
10;-;Fitnissfrau;0;100;3;3;21;-;-;0;0;BODY_PAL.LBM;BOKN_01;BOKN_01;3;BOKO_01;BOKO_01;6;BOKS_01;BOKS_01;3;BOKW_01;BOKW_01;6;BOKW_01;BOKW_01;6;BOKN_01;BOKN_01;3;BOKO_01;BOKO_01;6;BOKS_01;BOKS_01;3;BOKW_01;-1;BOKW_01;-1;BOSITN;-1;BOSITS;-1;BOKWN_01 BOKWO_01 BOKWS_01 BOKWW_01;BOKW_01;-1
-;-;mit Koffer;-;-;-;-;-;-;-;0;3;-;SH_BIG;SH_BIG;1;SH_BIG4;SH_BIG4;1;SH_BIG;SH_BIG;1;SH_BIG4;SH_BIG4;1;SH_BIG;SH_BIG;1;SH_BIG;SH_BIG;1;SH_BIG;SH_BIG;1;SH_BIG;SH_BIG;1;SH_BIG;-1;SH_BIG;-1;SH_BIG;-1;SH_BIG;-1;SH_BIG SH_BIG SH_BIG SH_BIG;SH_BIG;-1
-;-;-;-;-;-;-;-;-;-;3;4;-;SK_O01;SK_O01;1;SK_O01;SK_O01;6;SK_O01;SK_O01;1;SK_W01;SK_W01;6;SK_O01;SK_O01;1;SK_O01;SK_O01;6;SK_O01;SK_O01;1;SK_W01;SK_W01;6;SK_O01;-1;SK_O01;-1;SK_O01;-1;SK_O01;-1;SK_O01 SK_O01 SK_O01 SK_O01;SK_O01;-1
11;-;Business B1;0;100;3;3;-8;-;-;0;0;B1_PAL.LBM;B1N_01;B1N_01;3;B1O_01;B1O_01;6;B1S_01;B1S_01;3;B1W_01;B1W_01;6;B1W_01;B1W_01;6;B1N_01;B1N_01;3;B1O_01;B1O_01;6;B1S_01;B1S_01;3;B1W_01;-1;B1W_01;-1;B1SITN;-1;B1SITS;-1;B1WN_01 B1WO_01 B1WS_01 B1WW_01;B1W_01;-1
-;-;ohne Koffer;-;-;-;-;-;-;-;0;3;-;SH_BIG;SH_BIG;1;SH_BIG4;SH_BIG4;1;SH_BIG;SH_BIG;1;SH_BIG4;SH_BIG4;1;SH_BIG;SH_BIG;1;SH_BIG;SH_BIG;1;SH_BIG;SH_BIG;1;SH_BIG;SH_BIG;1;SH_BIG;-1;SH_BIG;-1;SH_BIG;-1;SH_BIG;-1;SH_BIG SH_BIG SH_BIG SH_BIG;SH_BIG;-1
-;-;-;-;-;-;-;-;-;-;1;-2;-;SK_O01;SK_O01;1;SK_O01;SK_O01;6;SK_O01;SK_O01;1;SK_W01;SK_W01;6;SK_O01;SK_O01;1;SK_O01;SK_O01;6;SK_O01;SK_O01;1;SK_W01;SK_W01;6;SK_O01;-1;SK_O01;-1;SK_O01;-1;SK_O01;-1;SK_O01 SK_O01 SK_O01 SK_O01;SK_O01;-1
11;-;Business B1;0;100;3;3;8;-;-;0;0;B1_PAL.LBM;B1KN_01;B1KN_01;3;B1KO_01;B1KO_01;6;B1KS_01;B1KS_01;3;B1KW_01;B1KW_01;6;B1KW_01;B1KW_01;6;B1KN_01;B1KN_01;3;B1KO_01;B1KO_01;6;B1KS_01;B1KS_01;3;B1KW_01;-1;B1KW_01;-1;B1SITN;-1;B1SITS;-1;B1KWN_01 B1KWO_01 B1KWS_01 B1KWW_01;B1KW_01;-1
-;-;mit Koffer;-;-;-;-;-;-;-;0;3;-;SH_BIG;SH_BIG;1;SH_BIG4;SH_BIG4;1;SH_BIG;SH_BIG;1;SH_BIG4;SH_BIG4;1;SH_BIG;SH_BIG;1;SH_BIG;SH_BIG;1;SH_BIG;SH_BIG;1;SH_BIG;SH_BIG;1;SH_BIG;-1;SH_BIG;-1;SH_BIG;-1;SH_BIG;-1;SH_BIG SH_BIG SH_BIG SH_BIG;SH_BIG;-1
-;-;-;-;-;-;-;-;-;-;1;-2;-;SK_O01;SK_O01;1;SK_O01;SK_O01;6;SK_O01;SK_O01;1;SK_W01;SK_W01;6;SK_O01;SK_O01;1;SK_O01;SK_O01;6;SK_O01;SK_O01;1;SK_W01;SK_W01;6;SK_O01;-1;SK_O01;-1;SK_O01;-1;SK_O01;-1;SK_O01 SK_O01 SK_O01 SK_O01;SK_O01;-1
11;-;Business B2;0;100;3;3;-11;-;-;0;0;B2_PAL.LBM;B2N_01;B2N_01;3;B2O_01;B2O_01;6;B2S_01;B2S_01;3;B2W_01;B2W_01;6;B2W_01;B2W_01;6;B2N_01;B2N_01;3;B2O_01;B2O_01;6;B2S_01;B2S_01;3;B2W_01;-1;B2W_01;-1;B2SITN;-1;B2SITS;-1;B2WN_01 B2WO_01 B2WS_01 B2WW_01;B2W_01;-1
-;-;ohne Koffer;-;-;-;-;-;-;-;0;3;-;SH_BIG;SH_BIG;1;SH_BIG4;SH_BIG4;1;SH_BIG;SH_BIG;1;SH_BIG4;SH_BIG4;1;SH_BIG;SH_BIG;1;SH_BIG;SH_BIG;1;SH_BIG;SH_BIG;1;SH_BIG;SH_BIG;1;SH_BIG;-1;SH_BIG;-1;SH_BIG;-1;SH_BIG;-1;SH_BIG SH_BIG SH_BIG SH_BIG;SH_BIG;-1
-;-;-;-;-;-;-;-;-;-;1;-2;-;SK_O01;SK_O01;1;SK_O01;SK_O01;6;SK_O01;SK_O01;1;SK_W01;SK_W01;6;SK_O01;SK_O01;1;SK_O01;SK_O01;6;SK_O01;SK_O01;1;SK_W01;SK_W01;6;SK_O01;-1;SK_O01;-1;SK_O01;-1;SK_O01;-1;SK_O01 SK_O01 SK_O01 SK_O01;SK_O01;-1
11;-;Business B2;0;100;3;3;11;-;-;0;0;B2_PAL.LBM;B2KN_01;B2KN_01;3;B2KO_01;B2KO_01;6;B2KS_01;B2KS_01;3;B2KW_01;B2KW_01;6;B2KW_01;B2KW_01;6;B2KN_01;B2KN_01;3;B2KO_01;B2KO_01;6;B2KS_01;B2KS_01;3;B2KW_01;-1;B2KW_01;-1;B2SITN;-1;B2SITS;-1;B2KWN_01 B2KWO_01 B2KWS_01 B2KWW_01;B2KW_01;-1
-;-;mit Koffer;-;-;-;-;-;-;-;0;3;-;SH_BIG;SH_BIG;1;SH_BIG4;SH_BIG4;1;SH_BIG;SH_BIG;1;SH_BIG4;SH_BIG4;1;SH_BIG;SH_BIG;1;SH_BIG;SH_BIG;1;SH_BIG;SH_BIG;1;SH_BIG;SH_BIG;1;SH_BIG;-1;SH_BIG;-1;SH_BIG;-1;SH_BIG;-1;SH_BIG SH_BIG SH_BIG SH_BIG;SH_BIG;-1
-;-;-;-;-;-;-;-;-;-;1;-2;-;SK_O01;SK_O01;1;SK_O01;SK_O01;6;SK_O01;SK_O01;1;SK_W01;SK_W01;6;SK_O01;SK_O01;1;SK_O01;SK_O01;6;SK_O01;SK_O01;1;SK_W01;SK_W01;6;SK_O01;-1;SK_O01;-1;SK_O01;-1;SK_O01;-1;SK_O01 SK_O01 SK_O01 SK_O01;SK_O01;-1
11;-;Business B3;0;100;3;3;0;-;-;0;0;B3_PAL.LBM;B3N_01;B3N_01;3;B3O_01;B3O_01;6;B3S_01;B3S_01;3;B3W_01;B3W_01;6;B3W_01;B3W_01;6;B3N_01;B3N_01;3;B3O_01;B3O_01;6;B3S_01;B3S_01;3;B3W_01;-1;B3W_01;-1;B3SITN;-1;B3SITS;-1;B3WN_01 B3WO_01 B3WS_01 B3WW_01;B3W_01;-1
-;-;-;-;-;-;-;-;-;-;0;2;-;SH_BIG;SH_BIG;1;SH_BIG4;SH_BIG4;1;SH_BIG;SH_BIG;1;SH_BIG4;SH_BIG4;1;SH_BIG;SH_BIG;1;SH_BIG;SH_BIG;1;SH_BIG;SH_BIG;1;SH_BIG;SH_BIG;1;SH_BIG;-1;SH_BIG;-1;SH_BIG;-1;SH_BIG;-1;SH_BIG SH_BIG SH_BIG SH_BIG;SH_BIG;-1
-;-;-;-;-;-;-;-;-;-;0;0;-;SK_O01;SK_O01;1;SK_O01;SK_O01;6;SK_O01;SK_O01;1;SK_W01;SK_W01;6;SK_O01;SK_O01;1;SK_O01;SK_O01;6;SK_O01;SK_O01;1;SK_W01;SK_W01;6;SK_O01;-1;SK_O01;-1;SK_O01;-1;SK_O01;-1;SK_O01 SK_O01 SK_O01 SK_O01;SK_O01;-1
11;-;Business B4;0;100;3;3;-14;-;-;0;0;B4_PAL.LBM;B4N_01;B4N_01;3;B4O_01;B4O_01;6;B4S_01;B4S_01;3;B4W_01;B4W_01;6;B4W_01;B4W_01;6;B4N_01;B4N_01;3;B4O_01;B4O_01;6;B4S_01;B4S_01;3;B4W_01;-1;B4W_01;-1;B4SITN;-1;B4SITS;-1;B4WN_01 B4WO_01 B4WS_01 B4WW_01;B4W_01;-1
-;-;ohne Koffer;-;-;-;-;-;-;-;0;3;-;SH_BIG;SH_BIG;1;SH_BIG4;SH_BIG4;1;SH_BIG;SH_BIG;1;SH_BIG4;SH_BIG4;1;SH_BIG;SH_BIG;1;SH_BIG;SH_BIG;1;SH_BIG;SH_BIG;1;SH_BIG;SH_BIG;1;SH_BIG;-1;SH_BIG;-1;SH_BIG;-1;SH_BIG;-1;SH_BIG SH_BIG SH_BIG SH_BIG;SH_BIG;-1
-;-;-;-;-;-;-;-;-;-;1;-2;-;SK_O01;SK_O01;1;SK_O01;SK_O01;6;SK_O01;SK_O01;1;SK_W01;SK_W01;6;SK_O01;SK_O01;1;SK_O01;SK_O01;6;SK_O01;SK_O01;1;SK_W01;SK_W01;6;SK_O01;-1;SK_O01;-1;SK_O01;-1;SK_O01;-1;SK_O01 SK_O01 SK_O01 SK_O01;SK_O01;-1
11;-;Business B4;0;100;3;3;14;-;-;0;0;B4_PAL.LBM;B4KN_01;B4KN_01;3;B4KO_01;B4KO_01;6;B4KS_01;B4KS_01;3;B4KW_01;B4KW_01;6;B4KW_01;B4KW_01;6;B4KN_01;B4KN_01;3;B4KO_01;B4KO_01;6;B4KS_01;B4KS_01;3;B4KW_01;-1;B4KW_01;-1;B4SITN;-1;B4SITS;-1;B4KWN_01 B4KWO_01 B4KWS_01 B4KWW_01;B4KW_01;-1
-;-;mit Koffer;-;-;-;-;-;-;-;0;3;-;SH_BIG;SH_BIG;1;SH_BIG4;SH_BIG4;1;SH_BIG;SH_BIG;1;SH_BIG4;SH_BIG4;1;SH_BIG;SH_BIG;1;SH_BIG;SH_BIG;1;SH_BIG;SH_BIG;1;SH_BIG;SH_BIG;1;SH_BIG;-1;SH_BIG;-1;SH_BIG;-1;SH_BIG;-1;SH_BIG SH_BIG SH_BIG SH_BIG;SH_BIG;-1
-;-;-;-;-;-;-;-;-;-;1;-2;-;SK_O01;SK_O01;1;SK_O01;SK_O01;6;SK_O01;SK_O01;1;SK_W01;SK_W01;6;SK_O01;SK_O01;1;SK_O01;SK_O01;6;SK_O01;SK_O01;1;SK_W01;SK_W01;6;SK_O01;-1;SK_O01;-1;SK_O01;-1;SK_O01;-1;SK_O01 SK_O01 SK_O01 SK_O01;SK_O01;-1
11;-;Business B5;0;100;3;3;0;-;-;0;0;B5_PAL.LBM;B5N_01;B5N_01;3;B5O_01;B5O_01;6;B5S_01;B5S_01;3;B5W_01;B5W_01;6;B5W_01;B5W_01;6;B5N_01;B5N_01;3;B5O_01;B5O_01;6;B5S_01;B5S_01;3;B5W_01;-1;B5W_01;-1;B5SITN;-1;B5SITS;-1;B5WN_01 B5WO_01 B5WS_01 B5WW_01;B5W_01;-1
-;-;-;-;-;-;-;-;-;-;0;2;-;SH_BIG;SH_BIG;1;SH_BIG4;SH_BIG4;1;SH_BIG;SH_BIG;1;SH_BIG4;SH_BIG4;1;SH_BIG;SH_BIG;1;SH_BIG;SH_BIG;1;SH_BIG;SH_BIG;1;SH_BIG;SH_BIG;1;SH_BIG;-1;SH_BIG;-1;SH_BIG;-1;SH_BIG;-1;SH_BIG SH_BIG SH_BIG SH_BIG;SH_BIG;-1
-;-;-;-;-;-;-;-;-;-;0;0;-;SK_O01;SK_O01;1;SK_O01;SK_O01;6;SK_O01;SK_O01;1;SK_W01;SK_W01;6;SK_O01;SK_O01;1;SK_O01;SK_O01;6;SK_O01;SK_O01;1;SK_W01;SK_W01;6;SK_O01;-1;SK_O01;-1;SK_O01;-1;SK_O01;-1;SK_O01 SK_O01 SK_O01 SK_O01;SK_O01;-1
11;-;Business B6;0;100;3;3;0;-;-;0;0;B6_PAL.LBM;B6N_01;B6N_01;3;B6O_01;B6O_01;6;B6S_01;B6S_01;3;B6W_01;B6W_01;6;B6W_01;B6W_01;6;B6N_01;B6N_01;3;B6O_01;B6O_01;6;B6S_01;B6S_01;3;B6W_01;-1;B6W_01;-1;B6SITN;-1;B6SITS;-1;B6WN_01 B6WO_01 B6WS_01 B6WW_01;B6W_01;-1
-;-;-;-;-;-;-;-;-;-;0;2;-;SH_BIG;SH_BIG;1;SH_BIG4;SH_BIG4;1;SH_BIG;SH_BIG;1;SH_BIG4;SH_BIG4;1;SH_BIG;SH_BIG;1;SH_BIG;SH_BIG;1;SH_BIG;SH_BIG;1;SH_BIG;SH_BIG;1;SH_BIG;-1;SH_BIG;-1;SH_BIG;-1;SH_BIG;-1;SH_BIG SH_BIG SH_BIG SH_BIG;SH_BIG;-1
-;-;-;-;-;-;-;-;-;-;0;0;-;SK_O01;SK_O01;1;SK_O01;SK_O01;6;SK_O01;SK_O01;1;SK_W01;SK_W01;6;SK_O01;SK_O01;1;SK_O01;SK_O01;6;SK_O01;SK_O01;1;SK_W01;SK_W01;6;SK_O01;-1;SK_O01;-1;SK_O01;-1;SK_O01;-1;SK_O01 SK_O01 SK_O01 SK_O01;SK_O01;-1
11;-;Business C1;0;100;3;3;-7;-;-;0;0;C1_PAL.LBM;C1N_01;C1N_01;3;C1O_01;C1O_01;6;C1S_01;C1S_01;3;C1W_01;C1W_01;6;C1W_01;C1W_01;6;C1N_01;C1N_01;3;C1O_01;C1O_01;6;C1S_01;C1S_01;3;C1W_01;-1;C1W_01;-1;C1SITN;-1;C1SITS;-1;C1WN_01 C1WO_01 C1WS_01 C1WW_01;C1W_01;-1
-;-;ohne Koffer;-;-;-;-;-;-;-;0;3;-;SH_BIG;SH_BIG;1;SH_BIG4;SH_BIG4;1;SH_BIG;SH_BIG;1;SH_BIG4;SH_BIG4;1;SH_BIG;SH_BIG;1;SH_BIG;SH_BIG;1;SH_BIG;SH_BIG;1;SH_BIG;SH_BIG;1;SH_BIG;-1;SH_BIG;-1;SH_BIG;-1;SH_BIG;-1;SH_BIG SH_BIG SH_BIG SH_BIG;SH_BIG;-1
-;-;-;-;-;-;-;-;-;-;1;-2;-;SK_O01;SK_O01;1;SK_O01;SK_O01;6;SK_O01;SK_O01;1;SK_W01;SK_W01;6;SK_O01;SK_O01;1;SK_O01;SK_O01;6;SK_O01;SK_O01;1;SK_W01;SK_W01;6;SK_O01;-1;SK_O01;-1;SK_O01;-1;SK_O01;-1;SK_O01 SK_O01 SK_O01 SK_O01;SK_O01;-1
11;-;Business C1;0;100;3;3;7;-;-;0;0;C1_PAL.LBM;C1KN_01;C1KN_01;3;C1KO_01;C1KO_01;6;C1KS_01;C1KS_01;3;C1KW_01;C1KW_01;6;C1KW_01;C1KW_01;6;C1KN_01;C1KN_01;3;C1KO_01;C1KO_01;6;C1KS_01;C1KS_01;3;C1KW_01;-1;C1KW_01;-1;C1SITN;-1;C1SITS;-1;C1KWN_01 C1KWO_01 C1KWS_01 C1KWW_01;C1KW_01;-1
-;-;mit Koffer;-;-;-;-;-;-;-;0;3;-;SH_BIG;SH_BIG;1;SH_BIG4;SH_BIG4;1;SH_BIG;SH_BIG;1;SH_BIG4;SH_BIG4;1;SH_BIG;SH_BIG;1;SH_BIG;SH_BIG;1;SH_BIG;SH_BIG;1;SH_BIG;SH_BIG;1;SH_BIG;-1;SH_BIG;-1;SH_BIG;-1;SH_BIG;-1;SH_BIG SH_BIG SH_BIG SH_BIG;SH_BIG;-1
-;-;-;-;-;-;-;-;-;-;1;-2;-;SK_O01;SK_O01;1;SK_O01;SK_O01;6;SK_O01;SK_O01;1;SK_W01;SK_W01;6;SK_O01;SK_O01;1;SK_O01;SK_O01;6;SK_O01;SK_O01;1;SK_W01;SK_W01;6;SK_O01;-1;SK_O01;-1;SK_O01;-1;SK_O01;-1;SK_O01 SK_O01 SK_O01 SK_O01;SK_O01;-1
11;-;Business C2;0;100;3;3;-2;-;-;0;0;C2_PAL.LBM;C2N_01;C2N_01;3;C2O_01;C2O_01;6;C2S_01;C2S_01;3;C2W_01;C2W_01;6;C2W_01;C2W_01;6;C2N_01;C2N_01;3;C2O_01;C2O_01;6;C2S_01;C2S_01;3;C2W_01;-1;C2W_01;-1;C2SITN;-1;C2SITS;-1;C2WN_01 C2WO_01 C2WS_01 C2WW_01;C2W_01;-1
-;-;ohne Koffer;-;-;-;-;-;-;-;0;3;-;SH_BIG;SH_BIG;1;SH_BIG4;SH_BIG4;1;SH_BIG;SH_BIG;1;SH_BIG4;SH_BIG4;1;SH_BIG;SH_BIG;1;SH_BIG;SH_BIG;1;SH_BIG;SH_BIG;1;SH_BIG;SH_BIG;1;SH_BIG;-1;SH_BIG;-1;SH_BIG;-1;SH_BIG;-1;SH_BIG SH_BIG SH_BIG SH_BIG;SH_BIG;-1
-;-;-;-;-;-;-;-;-;-;1;-2;-;SK_O01;SK_O01;1;SK_O01;SK_O01;6;SK_O01;SK_O01;1;SK_W01;SK_W01;6;SK_O01;SK_O01;1;SK_O01;SK_O01;6;SK_O01;SK_O01;1;SK_W01;SK_W01;6;SK_O01;-1;SK_O01;-1;SK_O01;-1;SK_O01;-1;SK_O01 SK_O01 SK_O01 SK_O01;SK_O01;-1
11;-;Business C2;0;100;3;3;2;-;-;0;0;C2_PAL.LBM;C2KN_01;C2KN_01;3;C2KO_01;C2KO_01;6;C2KS_01;C2KS_01;3;C2KW_01;C2KW_01;6;C2KW_01;C2KW_01;6;C2KN_01;C2KN_01;3;C2KO_01;C2KO_01;6;C2KS_01;C2KS_01;3;C2KW_01;-1;C2KW_01;-1;C2SITN;-1;C2SITS;-1;C2KWN_01 C2KWO_01 C2KWS_01 C2KWW_01;C2KW_01;-1
-;-;mit Koffer;-;-;-;-;-;-;-;0;3;-;SH_BIG;SH_BIG;1;SH_BIG4;SH_BIG4;1;SH_BIG;SH_BIG;1;SH_BIG4;SH_BIG4;1;SH_BIG;SH_BIG;1;SH_BIG;SH_BIG;1;SH_BIG;SH_BIG;1;SH_BIG;SH_BIG;1;SH_BIG;-1;SH_BIG;-1;SH_BIG;-1;SH_BIG;-1;SH_BIG SH_BIG SH_BIG SH_BIG;SH_BIG;-1
-;-;-;-;-;-;-;-;-;-;1;-2;-;SK_O01;SK_O01;1;SK_O01;SK_O01;6;SK_O01;SK_O01;1;SK_W01;SK_W01;6;SK_O01;SK_O01;1;SK_O01;SK_O01;6;SK_O01;SK_O01;1;SK_W01;SK_W01;6;SK_O01;-1;SK_O01;-1;SK_O01;-1;SK_O01;-1;SK_O01 SK_O01 SK_O01 SK_O01;SK_O01;-1
11;-;Chirurg;0;100;3;3;0;-;-;0;0;CH_PAL.LBM;CHN_01;CHN_01;3;CHO_01;CHO_01;6;CHS_01;CHS_01;3;CHW_01;CHW_01;6;CHW_01;CHW_01;6;CHW_01;CHW_01;3;CHW_01;CHW_01;6;CHW_01;CHW_01;3;CHW_01;-1;CHW_01;-1;CHSITN;-1;CHSITS;-1;CHWN_01 CHWO_01 CHWS_01 CHWW_01;CHSITS;-1
-;-;-;-;-;-;-;-;-;-;0;2;-;SH_BIG;SH_BIG;1;SH_BIG4;SH_BIG4;1;SH_BIG;SH_BIG;1;SH_BIG4;SH_BIG4;1;SH_BIG;SH_BIG;1;SH_BIG;SH_BIG;1;SH_BIG;SH_BIG;1;SH_BIG;SH_BIG;1;SH_BIG;-1;SH_BIG;-1;SH_BIG;-1;SH_BIG;-1;SH_BIG SH_BIG SH_BIG SH_BIG;SH_BIG;-1
-;-;-;-;-;-;-;-;-;-;2;0;-;SK_O01;SK_O01;1;CHSKO_01;CHSKO_01;6;SK_O01;SK_O01;1;SK_W01;SK_W01;6;SK_O01;SK_O01;1;SK_O01;SK_O01;6;SK_O01;SK_O01;1;SK_W01;SK_W01;6;SK_O01;-1;SK_O01;-1;SK_O01;-1;SK_O01;-1;SK_O01 SK_O01 SK_O01 SK_O01;SK_O01;-1
10;-;Dicke Frau;0;100;3;2;0;-;-;0;0;DI_PAL.LBM;DIN_01;DIN_01;3;DIO_01;DIO_01;6;DIS_01;DIS_01;3;DIW_01;DIW_01;6;DIW_01;DIW_01;6;DIW_01;DIW_01;3;DIW_01;DIW_01;6;DIW_01;DIW_01;3;DIW_01;-1;DIW_01;-1;DISITN;-1;DISITS;-1;DIWN_01 DIWO_01 DIWS_01 DIWW_01;DIW_01;-1
-;-;-;-;-;-;-;-;-;-;0;3;-;SH_BIG;SH_BIG;1;SH_BIG4;SH_BIG4;1;SH_BIG;SH_BIG;1;SH_BIG4;SH_BIG4;1;SH_BIG;SH_BIG;1;SH_BIG;SH_BIG;1;SH_BIG;SH_BIG;1;SH_BIG;SH_BIG;1;SH_BIG;-1;SH_BIG;-1;SH_BIG;-1;SH_BIG;-1;SH_BIG SH_BIG SH_BIG SH_BIG;SH_BIG;-1
-;-;-;-;-;-;-;-;-;-;1;0;-;SK_O01;SK_O01;1;DISO_01;DISO_01;6;SK_O01;SK_O01;1;SK_W01;SK_W01;6;SK_O01;SK_O01;1;SK_O01;SK_O01;6;SK_O01;SK_O01;1;SK_W01;SK_W01;6;SK_O01;-1;SK_O01;-1;SK_O01;-1;SK_O01;-1;SK_O01 SK_O01 SK_O01 SK_O01;SK_O01;-1
11;-;Business 9 mit Handy;0;10000;3;3;0;-;-;0;0;B9_PAL.LBM;B9N_01;B9N_01;3;B9O_01;B9O_01;6;B9S_01;B9S_01;3;B9W_01;B9W_01;6;B9W_01;B9W_01;6;B9N_01;B9N_01;3;B9O_01;B9O_01;6;B9S_01;B9S_01;3;B9W_01;-1;B9W_01;-1;B9SITN;-1;B9SITS;-1;B9WN_01 B9WO_01 B9WS_01 B9WW_01;B9W_01;-1
-;-;-;-;-;-;-;-;-;-;0;3;-;SH_BIG;SH_BIG;1;SH_BIG4;SH_BIG4;1;SH_BIG;SH_BIG;1;SH_BIG4;SH_BIG4;1;SH_BIG;SH_BIG;1;SH_BIG;SH_BIG;1;SH_BIG;SH_BIG;1;SH_BIG;SH_BIG;1;SH_BIG;-1;SH_BIG;-1;SH_BIG;-1;SH_BIG;-1;SH_BIG SH_BIG SH_BIG SH_BIG;SH_BIG;-1
-;-;-;-;-;-;-;-;-;-;1;2;-;SK_O01;SK_O01;1;B9SO_01;B9SO_01;6;SK_O01;SK_O01;1;SK_W01;SK_W01;6;SK_O01;SK_O01;1;SK_O01;SK_O01;6;SK_O01;SK_O01;1;SK_W01;SK_W01;6;SK_O01;-1;SK_O01;-1;SK_O01;-1;SK_O01;-1;SK_O01 SK_O01 SK_O01 SK_O01;SK_O01;-1
11;-;Maler;0;100;3;3;-25;-;-;0;0;MA_PAL.LBM;MAN_01;MAN_01;3;MAO_01;MAO_01;6;MAS_01;MAS_01;3;MAW_01;MAW_01;6;MAW_01;MAW_01;6;MAN_01;MAN_01;3;MAO_01;MAO_01;6;MAS_01;MAS_01;3;MAW_01;-1;MAW_01;-1;MASITN;-1;MASITS;-1;MAWN_01 MAWO_01 MAWS_01 MAWW_01;MAW_01;-1
-;-;ohne Koffer;-;-;-;-;-;-;-;0;3;-;SH_BIG;SH_BIG;1;SH_BIG4;SH_BIG4;1;SH_BIG;SH_BIG;1;SH_BIG4;SH_BIG4;1;SH_BIG;SH_BIG;1;SH_BIG;SH_BIG;1;SH_BIG;SH_BIG;1;SH_BIG;SH_BIG;1;SH_BIG;-1;SH_BIG;-1;SH_BIG;-1;SH_BIG;-1;SH_BIG SH_BIG SH_BIG SH_BIG;SH_BIG;-1
-;-;-;-;-;-;-;-;-;-;1;-2;-;SK_O01;SK_O01;1;SK_O01;SK_O01;6;SK_O01;SK_O01;1;SK_W01;SK_W01;6;SK_O01;SK_O01;1;SK_O01;SK_O01;6;SK_O01;SK_O01;1;SK_W01;SK_W01;6;SK_O01;-1;SK_O01;-1;SK_O01;-1;SK_O01;-1;SK_O01 SK_O01 SK_O01 SK_O01;SK_O01;-1
11;-;Maler;0;100;3;3;25;-;-;0;0;MA_PAL.LBM;MAKN_01;MAKN_01;3;MAKO_01;MAKO_01;6;MAKS_01;MAKS_01;3;MAKW_01;MAKW_01;6;MAKW_01;MAKW_01;6;MAKN_01;MAKN_01;3;MAKO_01;MAKO_01;6;MAKS_01;MAKS_01;3;MAKW_01;-1;MAKW_01;-1;MASITN;-1;MASITS;-1;MAKWN_01 MAKWO_01 MAKWS_01 MAKWW_01;MAKW_01;-1
-;-;mit Koffer;-;-;-;-;-;-;-;0;3;-;SH_BIG;SH_BIG;1;SH_BIG4;SH_BIG4;1;SH_BIG;SH_BIG;1;SH_BIG4;SH_BIG4;1;SH_BIG;SH_BIG;1;SH_BIG;SH_BIG;1;SH_BIG;SH_BIG;1;SH_BIG;SH_BIG;1;SH_BIG;-1;SH_BIG;-1;SH_BIG;-1;SH_BIG;-1;SH_BIG SH_BIG SH_BIG SH_BIG;SH_BIG;-1
-;-;-;-;-;-;-;-;-;-;1;-2;-;SK_O01;SK_O01;1;SK_O01;SK_O01;6;SK_O01;SK_O01;1;SK_W01;SK_W01;6;SK_O01;SK_O01;1;SK_O01;SK_O01;6;SK_O01;SK_O01;1;SK_W01;SK_W01;6;SK_O01;-1;SK_O01;-1;SK_O01;-1;SK_O01;-1;SK_O01 SK_O01 SK_O01 SK_O01;SK_O01;-1
11;-;Motorradfahrer;0;100;3;3;0;-;-;0;0;MO_PAL.LBM;MON_01;MON_01;3;MOO_01;MOO_01;6;MOS_01;MOS_01;3;MOW_01;MOW_01;6;MOW_01;MOW_01;6;MON_01;MON_01;3;MOO_01;MOO_01;6;MOS_01;MOS_01;3;MOW_01;-1;MOW_01;-1;MOSITN;-1;MOSITS;-1;MOWN_01 MOWO_01 MOWS_01 MOWW_01;MOW_01;-1
-;-;-;-;-;-;-;-;-;-;0;2;-;SH_BIG;SH_BIG;1;SH_BIG4;SH_BIG4;1;SH_BIG;SH_BIG;1;SH_BIG4;SH_BIG4;1;SH_BIG;SH_BIG;1;SH_BIG;SH_BIG;1;SH_BIG;SH_BIG;1;SH_BIG;SH_BIG;1;SH_BIG;-1;SH_BIG;-1;SH_BIG;-1;SH_BIG;-1;SH_BIG SH_BIG SH_BIG SH_BIG;SH_BIG;-1
-;-;-;-;-;-;-;-;-;-;2;0;-;SK_O01;SK_O01;1;SK_O01;SK_O01;6;SK_O01;SK_O01;1;SK_W01;SK_W01;6;SK_O01;SK_O01;1;SK_O01;SK_O01;6;SK_O01;SK_O01;1;SK_W01;SK_W01;6;SK_O01;-1;SK_O01;-1;SK_O01;-1;SK_O01;-1;SK_O01 SK_O01 SK_O01 SK_O01;SK_O01;-1
11;-;Business 7;0;100;3;3;-22;-;-;0;0;B7_PAL.LBM;B7N_01;B7N_01;3;B7O_01;B7O_01;6;B7S_01;B7S_01;3;B7W_01;B7W_01;6;B7W_01;B7W_01;6;B7N_01;B7N_01;3;B7O_01;B7O_01;6;B7S_01;B7S_01;3;B7W_01;-1;B7W_01;-1;B7SITN;-1;B7SITS;-1;B7WN_01 B7WO_01 B7WS_01 B7WW_01;B7W_01;-1
-;-;ohne Koffer;-;-;-;-;-;-;-;0;3;-;SH_BIG;SH_BIG;1;SH_BIG4;SH_BIG4;1;SH_BIG;SH_BIG;1;SH_BIG4;SH_BIG4;1;SH_BIG;SH_BIG;1;SH_BIG;SH_BIG;1;SH_BIG;SH_BIG;1;SH_BIG;SH_BIG;1;SH_BIG;-1;SH_BIG;-1;SH_BIG;-1;SH_BIG;-1;SH_BIG SH_BIG SH_BIG SH_BIG;SH_BIG;-1
-;-;-;-;-;-;-;-;-;-;1;2;-;SK_O01;SK_O01;1;SK_O01;SK_O01;6;SK_O01;SK_O01;1;SK_W01;SK_W01;6;SK_O01;SK_O01;1;SK_O01;SK_O01;6;SK_O01;SK_O01;1;SK_W01;SK_W01;6;SK_O01;-1;SK_O01;-1;SK_O01;-1;SK_O01;-1;SK_O01 SK_O01 SK_O01 SK_O01;SK_O01;-1
11;-;Business 7;0;100;3;3;22;-;-;0;0;B7_PAL.LBM;B7KN_01;B7KN_01;3;B7KO_01;B7KO_01;6;B7KS_01;B7KS_01;3;B7KW_01;B7KW_01;6;B7KW_01;B7KW_01;6;B7KN_01;B7KN_01;3;B7KO_01;B7KO_01;6;B7KS_01;B7KS_01;3;B7KW_01;-1;B7KW_01;-1;B7SITN;-1;B7SITS;-1;B7KWN_01 B7KWO_01 B7KWS_01 B7KWW_01;B7KW_01;-1
-;-;mit Koffer;-;-;-;-;-;-;-;0;3;-;SH_BIG;SH_BIG;1;SH_BIG4;SH_BIG4;1;SH_BIG;SH_BIG;1;SH_BIG4;SH_BIG4;1;SH_BIG;SH_BIG;1;SH_BIG;SH_BIG;1;SH_BIG;SH_BIG;1;SH_BIG;SH_BIG;1;SH_BIG;-1;SH_BIG;-1;SH_BIG;-1;SH_BIG;-1;SH_BIG SH_BIG SH_BIG SH_BIG;SH_BIG;-1
-;-;-;-;-;-;-;-;-;-;1;2;-;SK_O01;SK_O01;1;SK_O01;SK_O01;6;SK_O01;SK_O01;1;SK_W01;SK_W01;6;SK_O01;SK_O01;1;SK_O01;SK_O01;6;SK_O01;SK_O01;1;SK_W01;SK_W01;6;SK_O01;-1;SK_O01;-1;SK_O01;-1;SK_O01;-1;SK_O01 SK_O01 SK_O01 SK_O01;SK_O01;-1
11;-;Business 8;0;10000;3;3;-23;-;-;0;0;B8_PAL.LBM;B8N_01;B8N_01;3;B8O_01;B8O_01;6;B8S_01;B8S_01;3;B8W_01;B8W_01;6;B8W_01;B8W_01;6;B8N_01;B8N_01;3;B8O_01;B8O_01;6;B8S_01;B8S_01;3;B8W_01;-1;B8W_01;-1;B8SITN;-1;B8SITS;-1;B8WN_01 B8WO_01 B8WS_01 B8WW_01;B8W_01;-1
-;-;ohne Koffer;-;-;-;-;-;-;-;0;3;-;SH_BIG;SH_BIG;1;SH_BIG4;SH_BIG4;1;SH_BIG;SH_BIG;1;SH_BIG4;SH_BIG4;1;SH_BIG;SH_BIG;1;SH_BIG;SH_BIG;1;SH_BIG;SH_BIG;1;SH_BIG;SH_BIG;1;SH_BIG;-1;SH_BIG;-1;SH_BIG;-1;SH_BIG;-1;SH_BIG SH_BIG SH_BIG SH_BIG;SH_BIG;-1
-;-;-;-;-;-;-;-;-;-;1;-2;-;SK_O01;SK_O01;1;SK_O01;SK_O01;6;SK_O01;SK_O01;1;SK_W01;SK_W01;6;SK_O01;SK_O01;1;SK_O01;SK_O01;6;SK_O01;SK_O01;1;SK_W01;SK_W01;6;SK_O01;-1;SK_O01;-1;SK_O01;-1;SK_O01;-1;SK_O01 SK_O01 SK_O01 SK_O01;SK_O01;-1
11;-;Business 8;0;10000;3;3;23;-;-;0;0;B8_PAL.LBM;B8KN_01;B8KN_01;3;B8KO_01;B8KO_01;6;B8KS_01;B8KS_01;3;B8KW_01;B8KW_01;6;B8KW_01;B8KW_01;6;B8KN_01;B8KN_01;3;B8KO_01;B8KO_01;6;B8KS_01;B8KS_01;3;B8KW_01;-1;B8KW_01;-1;B8SITN;-1;B8SITS;-1;B8KWN_01 B8KWO_01 B8KWS_01 B8KWW_01;B8KW_01;-1
-;-;mit Koffer;-;-;-;-;-;-;-;0;3;-;SH_BIG;SH_BIG;1;SH_BIG4;SH_BIG4;1;SH_BIG;SH_BIG;1;SH_BIG4;SH_BIG4;1;SH_BIG;SH_BIG;1;SH_BIG;SH_BIG;1;SH_BIG;SH_BIG;1;SH_BIG;SH_BIG;1;SH_BIG;-1;SH_BIG;-1;SH_BIG;-1;SH_BIG;-1;SH_BIG SH_BIG SH_BIG SH_BIG;SH_BIG;-1
-;-;-;-;-;-;-;-;-;-;1;-2;-;SK_O01;SK_O01;1;SK_O01;SK_O01;6;SK_O01;SK_O01;1;SK_W01;SK_W01;6;SK_O01;SK_O01;1;SK_O01;SK_O01;6;SK_O01;SK_O01;1;SK_W01;SK_W01;6;SK_O01;-1;SK_O01;-1;SK_O01;-1;SK_O01;-1;SK_O01 SK_O01 SK_O01 SK_O01;SK_O01;-1
11;-;Business 0 mit Glatze;0;10000;3;3;0;-;-;0;0;B0_PAL.LBM;B0N_01;B0N_01;3;B0O_01;B0O_01;6;B0S_01;B0S_01;3;B0W_01;B0W_01;6;B0W_01;B0W_01;6;B0N_01;B0N_01;3;B0O_01;B0O_01;6;B0S_01;B0S_01;3;B0W_01;-1;B0W_01;-1;B0SITN;-1;B0SITS;-1;B0WN_01 B0WO_01 B0WS_01 B0WW_01;B0W_01;-1
-;-;-;-;-;-;-;-;-;-;0;3;-;SH_BIG;SH_BIG;1;SH_BIG4;SH_BIG4;1;SH_BIG;SH_BIG;1;SH_BIG4;SH_BIG4;1;SH_BIG;SH_BIG;1;SH_BIG;SH_BIG;1;SH_BIG;SH_BIG;1;SH_BIG;SH_BIG;1;SH_BIG;-1;SH_BIG;-1;SH_BIG;-1;SH_BIG;-1;SH_BIG SH_BIG SH_BIG SH_BIG;SH_BIG;-1
-;-;-;-;-;-;-;-;-;-;1;-2;-;SK_O01;SK_O01;1;SK_O01;SK_O01;6;SK_O01;SK_O01;1;SK_W01;SK_W01;6;SK_O01;SK_O01;1;SK_O01;SK_O01;6;SK_O01;SK_O01;1;SK_W01;SK_W01;6;SK_O01;-1;SK_O01;-1;SK_O01;-1;SK_O01;-1;SK_O01 SK_O01 SK_O01 SK_O01;SK_O01;-1
11;-;Old Man;0;10000;3;3;0;-;-;0;0;OL_PAL.LBM;OLN_01;OLN_01;3;OLO_01;OLO_01;6;OLS_01;OLS_01;3;OLW_01;OLW_01;6;OLW_01;OLW_01;6;OLN_01;OLN_01;3;OLO_01;OLO_01;6;OLS_01;OLS_01;3;OLW_01;-1;OLW_01;-1;OLSITN;-1;OLSITS;-1;OLWN_01 OLWO_01 OLWS_01 OLWW_01;OLW_01;-1
-;-;-;-;-;-;-;-;-;-;0;2;-;SH_BIG;SH_BIG;1;SH_BIG4;SH_BIG4;1;SH_BIG;SH_BIG;1;SH_BIG4;SH_BIG4;1;SH_BIG;SH_BIG;1;SH_BIG;SH_BIG;1;SH_BIG;SH_BIG;1;SH_BIG;SH_BIG;1;SH_BIG;-1;SH_BIG;-1;SH_BIG;-1;SH_BIG;-1;SH_BIG SH_BIG SH_BIG SH_BIG;SH_BIG;-1
-;-;-;-;-;-;-;-;-;-;2;0;-;OLSKO_01;OLSKO_01;1;OLSKO_01;OLSKO_01;6;OLSKO_01;OLSKO_01;1;SK_W01;SK_W01;6;OLSKO_01;OLSKO_01;1;OLSKO_01;OLSKO_01;6;OLSKO_01;OLSKO_01;1;SK_W01;SK_W01;6;OLSKO_01;-1;OLSKO_01;-1;OLSKO_01;-1;OLSKO_01;-1;OLSKO_01 OLSKO_01 OLSKO_01 OLSKO_01;OLSKO_01;-1
11;-;Roboter;0;10000;3;3;-24;-;-;0;0;RB_PAL.LBM;RBN_01;RBN_01;3;RBO_01;RBO_01;6;RBS_01;RBS_01;3;RBW_01;RBW_01;6;RBW_01;RBW_01;6;RBN_01;RBN_01;3;RBO_01;RBO_01;6;RBS_01;RBS_01;3;RBW_01;-1;RBW_01;-1;RBSITN;-1;RBSITS;-1;RBWN_01 RBWO_01 RBWS_01 RBWW_01;RBW_01;-1
-;-;ohne Koffer;-;-;-;-;-;-;-;0;3;-;SH_BIG;SH_BIG;1;SH_BIG4;SH_BIG4;1;SH_BIG;SH_BIG;1;SH_BIG4;SH_BIG4;1;SH_BIG;SH_BIG;1;SH_BIG;SH_BIG;1;SH_BIG;SH_BIG;1;SH_BIG;SH_BIG;1;SH_BIG;-1;SH_BIG;-1;SH_BIG;-1;SH_BIG;-1;SH_BIG SH_BIG SH_BIG SH_BIG;SH_BIG;-1
-;-;-;-;-;-;-;-;-;-;1;-2;-;SK_O01;SK_O01;1;RBSKO_01;RBSKO_01;6;SK_O01;SK_O01;1;SK_W01;SK_W01;6;SK_O01;SK_O01;1;SK_O01;SK_O01;6;SK_O01;SK_O01;1;SK_W01;SK_W01;6;SK_O01;-1;SK_O01;-1;SK_O01;-1;SK_O01;-1;SK_O01 SK_O01 SK_O01 SK_O01;SK_O01;-1
11;-;Roboter;0;10000;3;3;24;-;-;0;0;RB_PAL.LBM;RBKN_01;RBKN_01;3;RBKO_01;RBKO_01;6;RBKS_01;RBKS_01;3;RBKW_01;RBKW_01;6;RBKW_01;RBKW_01;6;RBKN_01;RBKN_01;3;RBKO_01;RBKO_01;6;RBKS_01;RBKS_01;3;RBKW_01;-1;RBKW_01;-1;RBSITN;-1;RBSITS;-1;RBKWN_01 RBKWO_01 RBKWS_01 RBKWW_01;RBKW_01;-1
-;-;mit Koffer;-;-;-;-;-;-;-;0;3;-;SH_BIG;SH_BIG;1;SH_BIG4;SH_BIG4;1;SH_BIG;SH_BIG;1;SH_BIG4;SH_BIG4;1;SH_BIG;SH_BIG;1;SH_BIG;SH_BIG;1;SH_BIG;SH_BIG;1;SH_BIG;SH_BIG;1;SH_BIG;-1;SH_BIG;-1;SH_BIG;-1;SH_BIG;-1;SH_BIG SH_BIG SH_BIG SH_BIG;SH_BIG;-1
-;-;-;-;-;-;-;-;-;-;1;-2;-;SK_O01;SK_O01;1;SK_O01;SK_O01;6;SK_O01;SK_O01;1;SK_W01;SK_W01;6;SK_O01;SK_O01;1;SK_O01;SK_O01;6;SK_O01;SK_O01;1;SK_W01;SK_W01;6;SK_O01;-1;SK_O01;-1;SK_O01;-1;SK_O01;-1;SK_O01 SK_O01 SK_O01 SK_O01;SK_O01;-1
11;10;Skelett;1;0;3;3;0;-;-;0;0;SKEL_PAL.LBM;SK_O01;SK_O01;1;SK_O01;SK_O01;6;SK_O01;SK_O01;1;SK_W01;SK_W01;6;SK_O01;SK_O01;1;SK_O01;SK_O01;6;SK_O01;SK_O01;1;SK_W01;SK_W01;6;SCHW_W03;-1;SK_O01;-1;SK_O01;-1;SK_O01;-1;SK_O06 SK_O06 SK_O06 SK_W06;SK_O01;-1
-;-;-;-;-;-;-;-;-;-;0;0;-;SHADOW;SHADOW;1;SHADOW;SHADOW;1;SHADOW;SHADOW;1;SHADOW;SHADOW;1;SHADOW;SHADOW;1;SHADOW;SHADOW;1;SHADOW;SHADOW;1;SHADOW;SHADOW;1;SHADOW;-1;SHADOW;-1;SHADOW;-1;SHADOW;-1;SHADOW SHADOW SHADOW SHADOW;SHADOW;-1
-;-;-;-;-;-;-;-;-;-;0;0;-;SK_O01;SK_O01;1;SK_O01;SK_O01;6;SK_O01;SK_O01;1;SK_W01;SK_W01;6;SK_O01;SK_O01;1;SK_O01;SK_O01;6;SK_O01;SK_O01;1;SK_W01;SK_W01;6;SK_O01;-1;SK_O01;-1;SK_O01;-1;SK_O01;-1;SK_O06 SK_O06 SK_O06 SK_W06;SK_O01;-1
11;11;Spieler;0;0;4;1;0;-;-;0;0;PL1_PAL.LBM;PL1_N00;PL1_N00;10;PL1_O00;PL1_O00;10;PL1_S00;PL1_S00;10;PL1_W00;PL1_W00;10;PL1_RN01;PL1_RN01;9;PL1_RO01;PL1_RO01;9;PL1_RS01;PL1_RS01;9;PL1_RW01;PL1_RW01;9;SCHW_W03;-1;SENS_W01;-1;SENS_I01;-1;SENS_I01;-1;PL1_W_N PL1_W_O PL1_W_S PL1_W_W;PL1_W_N;-1
-;-;-;-;-;-;-;-;-;-;0;0;-;SHADOW;SHADOW;1;SHADOW;SHADOW;1;SHADOW;SHADOW;1;SHADOW;SHADOW;1;SHADOW;SHADOW;1;SHADOW;SHADOW;1;SHADOW;SHADOW;1;SHADOW;SHADOW;1;SHADOW;-1;SHADOW;-1;SHADOW;-1;SHADOW;-1;SHADOW SHADOW SHADOW SHADOW;SHADOW;-1
-;-;-;-;-;-;-;-;-;-;6;0;-;SK_O01;SK_O01;1;SK_O01;SK_O01;6;SK_O01;SK_O01;1;SK_W01;SK_W01;6;SK_O01;SK_O01;1;SK_O01;SK_O01;6;SK_O01;SK_O01;1;SK_W01;SK_W01;6;SK_O01;-1;SK_O01;-1;SK_O01;-1;SK_O01;-1;SK_O06 SK_O06 SK_O06 SK_W06;SK_O01;-1
11;30;Kellner;0;0;3;3;0;-;-;0;0;KELL_PAL.LBM;KELL_N01;KELL_N01;6;KELL_O01;KELL_O01;6;KELL_S01;KELL_S01;6;KELL_W01;KELL_W01;6;KELL_N01;KELL_N01;6;KELL_O01;KELL_O01;6;KELL_S01;KELL_S01;6;KELL_W01;KELL_W01;6;KELLGL01 KELLGL02 KELLGL03 KELLGL04 KELLGL05 KELLGL06 KELLGL07 KELLGL08 KELLGL09 KELLGL05 KELLGL04 KELLGL03 KELLGL02 KELLGL01;-1;SENS_W01;-1;SENS_I01;-1;SENS_I01;-1;KELL_WN KELL_WO KELL_WS KELL_WW;KELL_WN;-1
-;-;-;-;-;-;-;-;-;-;0;0;-;SHADOW;SHADOW;1;SHADOW;SHADOW;1;SHADOW;SHADOW;1;SHADOW;SHADOW;1;SHADOW;SHADOW;1;SHADOW;SHADOW;1;SHADOW;SHADOW;1;SHADOW;SHADOW;1;SHADOW;-1;SHADOW;-1;SHADOW;-1;SHADOW;-1;SHADOW SHADOW SHADOW SHADOW;SHADOW;-1
-;-;-;-;-;-;-;-;-;-;0;0;-;SK_O01;SK_O01;1;SK_O01;SK_O01;6;SK_O01;SK_O01;1;SK_W01;SK_W01;6;SK_O01;SK_O01;1;SK_O01;SK_O01;6;SK_O01;SK_O01;1;SK_W01;SK_W01;6;SK_O01;-1;SK_O01;-1;SK_O01;-1;SK_O01;-1;SK_O06 SK_O06 SK_O06 SK_W06;SK_O01;-1
11;50;Putzfrau;0;0;2;4;0;-;-;0;0;PUTZ_PAL.LBM;PUTZ_N01;PUTZ_N01;3;PUTZ_R01;PUTZ_R01;6;PUTZ_S01;PUTZ_S01;3;PUTZ_L01;PUTZ_L01;6;PUTZ_N01;PUTZ_N01;3;PUTZ_R01;PUTZ_R01;6;PUTZ_S01;PUTZ_S01;3;PUTZ_L01;PUTZ_L01;6;PUTZ_L01;-1;SENS_W01;-1;SENS_I01;-1;SENS_I01;-1;PUTZ_NW PUTZ_RW PUTZ_SW PUTZ_LW;PUTZ_NW;-1
-;-;-;-;-;-;-;-;-;-;0;0;-;SHADOW;SHADOW;1;PUTZ_SHR;PUTZ_SHR;1;SHADOW;SHADOW;1;PUTZ_SHL;PUTZ_SHL;1;SHADOW;SHADOW;1;SHADOW;SHADOW;1;SHADOW;SHADOW;1;SHADOW;SHADOW;1;SHADOW;-1;SHADOW;-1;SHADOW;-1;SHADOW;-1;SHADOW SHADOW SHADOW SHADOW;SHADOW;-1
-;-;-;-;-;-;-;-;-;-;0;0;-;SK_O01;SK_O01;1;PUTZSK01;PUTZSK01;6;SK_O01;SK_O01;1;SK_W01;SK_W01;6;SK_O01;SK_O01;1;SK_O01;SK_O01;6;SK_O01;SK_O01;1;SK_W01;SK_W01;6;SK_O01;-1;SK_O01;-1;SK_O01;-1;SK_O01;-1;SK_O06 SK_O06 SK_O06 SK_W06;SK_O01;-1
11;70;Alte Sau;0;0;2;4;0;-;-;0;0;ALTE_PAL.LBM;ALTE_N01;ALTE_N01;3;ALTE_R01;ALTE_R01;6;ALTE_S01;ALTE_S01;3;ALTE_L01;ALTE_L01;6;ALTE_N01;ALTE_N01;3;ALTE_R01;ALTE_R01;6;ALTE_S01;ALTE_S01;3;ALTE_L01;ALTE_L01;6;KUCH01 KUCH02 KUCH03 KUCH04 KUCH05 KUCH06 KUCH07 KUCH08 KUCH09 KUCH10 KUCH11 KUCH12 KUCH13 KUCH14 KUCH15 KUCH16 KUCH17 KUCH18 ESS01 ESS02 ESS03 ESS04 ESS05 ESS06 ESS07 ESS08 ESS09 ESS10 ESS11 ESS12 ESS13;-1;SENS_W01;-1;SENS_I01;-1;SENS_I01;-1;ALTE_NW ALTE_RW ALTE_SW ALTE_LW;ALTE_NW;-1
-;-;-;-;-;-;-;-;-1;-21;0;0;-;SHADOW;SHADOW;1;SHADOW;SHADOW;1;SHADOW;SHADOW;1;SHADOW;SHADOW;1;SHADOW;SHADOW;1;SHADOW;SHADOW;1;SHADOW;SHADOW;1;SHADOW;SHADOW;1;SHADOW;-1;SHADOW;-1;SHADOW;-1;SHADOW;-1;SHADOW SHADOW SHADOW SHADOW;SHADOW;-1
-;-;-;-;-;-;-;-;-;-;0;0;-;SK_O01;SK_O01;1;SK_O01;SK_O01;6;SK_O01;SK_O01;1;SK_W01;SK_W01;6;SK_O01;SK_O01;1;SK_O01;SK_O01;6;SK_O01;SK_O01;1;SK_W01;SK_W01;6;SK_O01;-1;SK_O01;-1;SK_O01;-1;SK_O01;-1;SK_O06 SK_O06 SK_O06 SK_W06;SK_O01;-1
11;90;Postbote;0;0;3;3;0;0;-;0;0;POST_PAL.LBM;PON_01;PON_01;3;POO_01;POO_01;6;POS_01;POS_01;3;POW_01;POW_01;6;POW_01;POW_01;6;POW_01;POW_01;6;POW_01;POW_01;6;POW_01;POW_01;6;POL_01;40;POW_01;-1;POW_01;-1;POW_01;-1;POWN_01 POWO_01 POWS_01 POWW_01;POWN_01;-1
-;-;-;-;-;-;-;-;-4;-2;0;0;-;SHADOW;SHADOW;1;SHADOW;SHADOW;1;SHADOW;SHADOW;1;SHADOW;SHADOW;1;SHADOW;SHADOW;1;SHADOW;SHADOW;1;SHADOW;SHADOW;1;SHADOW;SHADOW;1;SHADOW;-1;SHADOW;-1;SHADOW;-1;SHADOW;-1;SHADOW SHADOW SHADOW SHADOW;SHADOW;-1
-;-;-;-;-;-;-;-;-;-;0;0;-;SK_O01;SK_O01;1;SK_O01;SK_O01;6;SK_O01;SK_O01;1;SK_W01;SK_W01;6;SK_O01;SK_O01;1;SK_O01;SK_O01;6;SK_O01;SK_O01;1;SK_W01;SK_W01;6;SK_O01;-1;SK_O01;-1;SK_O01;-1;SK_O01;-1;SK_O06 SK_O06 SK_O06 SK_W06;SK_O01;-1
11;240;Platzhalter / Bone;0;0;3;3;0;-;-;0;0;POST_PAL.LBM;X;X;-1;X;X;-1;X;X;-1;X;X;-1;X;X;-1;X;X;-1;X;X;-1;X;X;-1;X;-1;X;-1;X;-1;X;-1;X;X;-1
-;-;-;-;-;-;-;-;-;-;0;0;-;X;X;-1;X;X;-1;X;X;-1;X;X;-1;X;X;-1;X;X;-1;X;X;-1;X;X;-1;X;-1;X;-1;X;-1;X;-1;X;X;-1
-;-;-;-;-;-;-;-;-;-;0;0;-;X;X;-1;X;X;-1;X;X;-1;X;X;-1;X;X;-1;X;X;-1;X;X;-1;X;X;-1;X;-1;X;-1;X;-1;X;-1;X;X;-1
21;-;Spieler 1 (Frau / blau);1;10000;4;1;0;-;2;0;0;PL1_PAL.LBM;PL1_N00;PL1_N00;10;PL1_O00;PL1_O00;10;PL1_S00;PL1_S00;10;PL1_W00;PL1_W00;10;PL1_RN00;PL1_RN00;9;PL1_RO00;PL1_RO00;9;PL1_RS00;PL1_RS00;9;PL1_RW00;PL1_RW00;9;PL1_EXPL PL1_EXPL PL1_EXPL PL1_EXPL PL1_EXPL PL1_EXPL PL1_EXPL PL1_EXPL PL1_EXPL PL1_EXPL PL1_EXPL PL1_EXPL PL1_EXPL PL1_EXPL PL1_EXPL PL1_EXPL PL1_EXPL PL1_EXPL PL1_EXPL PL1_EXPL ;-1;P1_CL01 P1_CL01 P1_CL01 P1_CL01 P1_CL01 P1_CL01 P1_CL01 P1_CL01 P1_CL01 P1_CL01 P1_CL01 P1_CL02 P1_CL02 P1_CL03 P1_CL03 P1_CL04 P1_CL04 P1_CL05 P1_CL05 P1_CL01 P1_CL01 P1_CL01 P1_CL01 P1_CL01 P1_CL01 P1_CL06 P1_CL06 P1_CL07 P1_CL07 P1_CL08 P1_CL08 P1_CL09 P1_CL09 P1_CL01 P1_CL01 P1_CL01 P1_CL01 P1_CL01 P1_CL01 P1_CL01 P1_CL01 P1_CL01 P1_CL01 P1_CL01 P1_CL01 P1_CL01 P1_CL01 P1_CL01 P1_CL01 P1_CL01 P1_CL01 P1_CL01 P1_CL01 P1_CL01 P1_CL01 P1_CL02 P1_CL02 P1_CL03 P1_CL03 P1_CL04 P1_CL04 P1_CL05 P1_CL05 P1_CL01 P1_CL01 P1_CL01 P1_CL01 P1_CL01 P1_CL01 P1_CL01 P1_CL01 P1_CL01 P1_CL01 P1_CL01 P1_CL01 P1_CL01 P1_CL01 P1_CL06 P1_CL06 P1_CL07 P1_CL07 P1_CL08 P1_CL08 P1_CL09 P1_CL09 P1_CL01 P1_CL01 P1_CL01 P1_CL01;-1;SENS_I01;-1;SENS_I01;-1;PL1_WN PL1_WO PL1_WS PL1_WW PL1_WNT PL1_WOT PL1_WST PL1_WWT;PL1_GI00;10
-;-;-;-;-;-;-;-;-;-;-3;0;-;SH_P1_NS;SH_P1_NS;1;SHADOW;SH_P1_O1 SH_P1_O1 SH_P1_O2 SH_P1_O2 SH_P1_O2 SH_P1_O1 SH_P1_O1 SH_P1_O1 SH_P1_O2 SH_P1_O2;-1;SH_P1_NS;SH_P1_NS;1;SHADOW;SH_P1_W1 SH_P1_W1 SH_P1_W2 SH_P1_W2 SH_P1_W2 SH_P1_W1 SH_P1_W1 SH_P1_W1 SH_P1_W2 SH_P1_W2;-1;SH_P1_NS;SH_P1_NS;1;SH_P1_O2;SH_P1_O2;1;SH_P1_NS;SH_P1_NS;1;SH_P1_W2;SH_P1_W2;1;SHADOW;-1;SHADOW;-1;SHADOW;-1;SHADOW;-1;SH_P1_NS SH_P1_O1 SH_P1_NS SH_P1_W1 SH_P1_NS SH_P1_O1 SH_P1_NS SH_P1_W1;SH_P1_NS;-1
-;-;-;-;-;-;-;-;-;-;6;0;-;SK_O01;SK_O01;1;SK_O01;SK_O01 SK_O01 SK_O02 SK_O02 SK_O03 SK_O04 SK_O04 SK_O05 SK_O05 SK_O06;-1;SK_O01;SK_O01;1;SK_W01;SK_W01 SK_W01 SK_W02 SK_W02 SK_W03 SK_W04 SK_W04 SK_W05 SK_W05 SK_W06;-1;SK_O01;SK_O01;1;SK_O01;SK_O01 SK_O01 SK_O02 SK_O02 SK_O03 SK_O04 SK_O04 SK_O05 SK_O06;-1;SK_O01;SK_O01;1;SK_W01;SK_W01 SK_W01 SK_W02 SK_W02 SK_W03 SK_W04 SK_W04 SK_W05 SK_W06;-1;SK_O01;-1;SK_O01;-1;SK_O01;-1;SK_O01;-1;SK_O06 SK_O06 SK_O06 SK_W06 SK_O06 SK_O06 SK_O06 SK_W06;SK_O01;-1
22;-;Spieler 2 (grün);1;10000;4;1;0;-;2;0;0;PL2_PAL.LBM;PL2_N01;PL2_N01;10;PL2_O01;PL2_O01;10;PL2_S01;PL2_S01;10;PL2_W01;PL2_W01;10;PL2_RN01;PL2_RN01;9;PL2_RO01;PL2_RO01;9;PL2_RS01;PL2_RS01;9;PL2_RW01;PL2_RW01;9;PL2_EXPL PL2_EXPL PL2_EXPL PL2_EXPL PL2_EXPL PL2_EXPL PL2_EXPL PL2_EXPL PL2_EXPL PL2_EXPL PL2_EXPL PL2_EXPL PL2_EXPL PL2_EXPL PL2_EXPL PL2_EXPL PL2_EXPL PL2_EXPL PL2_EXPL PL2_EXPL;-1;P2_CL01 P2_CL01 P2_CL02 P2_CL02 P2_CL03 P2_CL03 P2_CL04 P2_CL04 P2_CL05 P2_CL05 P2_CL01 P2_CL01 P2_CL01 P2_CL01 P2_CL01 P2_CL01 P2_CL01 P2_CL01 P2_CL01 P2_CL01 P2_CL06 P2_CL06 P2_CL07 P2_CL07 P2_CL08 P2_CL08 P2_CL09 P2_CL09 P2_CL01 P2_CL01 P2_CL01 P2_CL01 P2_CL01 P2_CL01 P2_CL01 P2_CL01 P2_CL01 P2_CL01 P2_CL01 P2_CL01 P2_CL01 P2_CL01 P2_CL01 P2_CL01 P2_CL01 P2_CL01 P2_CL01 P2_CL01 P2_CL01 P2_CL01 P2_CL01 P2_CL01 P2_CL01 P2_CL01 P2_CL02 P2_CL02 P2_CL03 P2_CL03 P2_CL04 P2_CL04 P2_CL05 P2_CL05 P2_CL01 P2_CL01 P2_CL01 P2_CL01 P2_CL01 P2_CL01 P2_CL01 P2_CL01 P2_CL01 P2_CL01 P2_CL06 P2_CL06 P2_CL07 P2_CL07 P2_CL08 P2_CL08 P2_CL09 P2_CL09 P2_CL01 P2_CL01 P2_CL01 P2_CL01;-1;SENS_I01;-1;SENS_I01;-1;PL2_WN PL2_WO PL2_WS PL2_WW PL2_WNT PL2_WOT PL2_WST PL2_WWT;PL2_GI00;22
-;-;-;-;-;-;-;-;-;-;0;-1;-;SH_P1_NS;SH_P1_NS;1;SHADOW;SH_P2_O1 SH_P2_O1 SH_P2_O2 SH_P2_O2 SH_P2_O2 SH_P2_O1 SH_P2_O1 SH_P2_O1 SH_P2_O2 SH_P2_O2;-1;SH_P1_NS;SH_P1_NS;1;SHADOW;SH_P1_W1 SH_P1_W1 SH_P1_W2 SH_P1_W2 SH_P1_W2 SH_P1_W1 SH_P1_W1 SH_P1_W1 SH_P1_W2 SH_P1_W2;-1;SH_P1_NS;SH_P1_NS;1;SH_P2_O2;SH_P2_O2;1;SH_P1_NS;SH_P1_NS;1;SH_P1_W2;SH_P1_W2;1;SHADOW;-1;SHADOW;-1;SHADOW;-1;SHADOW;-1;SH_P1_NS SH_P2_O1 SH_P1_NS SH_P1_W1 SH_P1_NS SH_P2_O1 SH_P1_NS SH_P1_W1;SH_P1_NS;-1
-;-;-;-;-;-;-;-;-;-;0;0;-;SK_O01;SK_O01;1;SK_O01;SK_O01 SK_O01 SK_O02 SK_O02 SK_O03 SK_O04 SK_O04 SK_O05 SK_O05 SK_O06;-1;SK_O01;SK_O01;1;SK_W01;SK_W01 SK_W01 SK_W02 SK_W02 SK_W03 SK_W04 SK_W04 SK_W05 SK_W05 SK_W06;-1;SK_O01;SK_O01;1;SK_O01;SK_O01 SK_O01 SK_O02 SK_O02 SK_O03 SK_O04 SK_O04 SK_O05 SK_O06;-1;SK_O01;SK_O01;1;SK_W01;SK_W01 SK_W01 SK_W02 SK_W02 SK_W03 SK_W04 SK_W04 SK_W05 SK_W06;-1;SK_O01;-1;SK_O01;-1;SK_O01;-1;SK_O01;-1;SK_O06 SK_O06 SK_O06 SK_W06 SK_O06 SK_O06 SK_O06 SK_W06;SK_O01;-1
23;-;Spieler 3 (rot);1;10000;4;1;0;-;2;0;0;PL3_PAL.LBM;PL3_N01;PL3_N01;10;PL3_O01;PL3_O01;10;PL3_S01;PL3_S01;10;PL3_W01;PL3_W01;10;PL3_RN01;PL3_RN01;9;PL3_RO01;PL3_RO01;9;PL3_RS01;PL3_RS01;9;PL3_RW01;PL3_RW01;9;PL3_EXPL PL3_EXPL PL3_EXPL PL3_EXPL PL3_EXPL PL3_EXPL PL3_EXPL PL3_EXPL PL3_EXPL PL3_EXPL PL3_EXPL PL3_EXPL PL3_EXPL PL3_EXPL PL3_EXPL PL3_EXPL PL3_EXPL PL3_EXPL PL3_EXPL PL3_EXPL;-1;P3_CL01 P3_CL01 P3_CL02 P3_CL02 P3_CL03 P3_CL03 P3_CL04 P3_CL04 P3_CL05 P3_CL05 P3_CL01 P3_CL01 P3_CL01 P3_CL01 P3_CL01 P3_CL01 P3_CL01 P3_CL01 P3_CL01 P3_CL01 P3_CL01 P3_CL01 P3_CL06 P3_CL06 P3_CL07 P3_CL07 P3_CL08 P3_CL08 P3_CL09 P3_CL09 P3_CL01 P3_CL01 P3_CL01 P3_CL01 P3_CL01 P3_CL01 P3_CL01 P3_CL01 P3_CL01 P3_CL01 P3_CL01 P3_CL01 P3_CL01 P3_CL01 P3_CL01 P3_CL01 P3_CL01 P3_CL01 P3_CL01 P3_CL01 P3_CL01 P3_CL01 P3_CL02 P3_CL02 P3_CL03 P3_CL03 P3_CL04 P3_CL04 P3_CL05 P3_CL05 P3_CL01 P3_CL01 P3_CL01 P3_CL01 P3_CL01 P3_CL01 P3_CL01 P3_CL01 P3_CL01 P3_CL01 P3_CL01 P3_CL01 P3_CL01 P3_CL01 P3_CL01 P3_CL01 P3_CL01 P3_CL01 P3_CL01 P3_CL01 P3_CL01 P3_CL01 P3_CL01 P3_CL01 P3_CL01 P3_CL01 P3_CL06 P3_CL06 P3_CL07 P3_CL07 P3_CL08 P3_CL08 P3_CL09 P3_CL09 P3_CL01 P3_CL01 P3_CL01 P3_CL01;-1;SENS_I01;-1;SENS_I01;-1;PL3_WN PL3_WO PL3_WS PL3_WW PL3_WNT PL3_WOT PL3_WST PL3_WWT;PL3_GI00;15
-;-;-;-;-;-;-;-;-;-;0;-3;-;SH_P1_NS;SH_P1_NS;1;SHADOW;SH_P3_O1 SH_P3_O1 SH_P3_O2 SH_P3_O2 SH_P3_O2 SH_P3_O1 SH_P3_O1 SH_P3_O1 SH_P3_O2 SH_P3_O2;-1;SH_P1_NS;SH_P1_NS;1;SHADOW;SH_P3_W1 SH_P3_W1 SH_P3_W2 SH_P3_W2 SH_P3_W2 SH_P3_W1 SH_P3_W1 SH_P3_W1 SH_P3_W2 SH_P3_W2;-1;SH_P1_NS;SH_P1_NS;1;SH_P3_O2;SH_P3_O2;1;SH_P1_NS;SH_P1_NS;1;SH_P3_W2;SH_P3_W2;1;SHADOW;-1;SHADOW;-1;SHADOW;-1;SHADOW;-1;SH_P1_NS SH_P3_O1 SH_P1_NS SH_P3_W1 SH_P1_NS SH_P3_O1 SH_P1_NS SH_P3_W1;SH_P1_NS;-1
-;-;-;-;-;-;-;-;-;-;2;0;-;SK_O01;SK_O01;1;SK_O01;SK_O01 SK_O01 SK_O02 SK_O02 SK_O03 SK_O04 SK_O04 SK_O05 SK_O05 SK_O06;-1;SK_O01;SK_O01;1;SK_W01;SK_W01 SK_W01 SK_W02 SK_W02 SK_W03 SK_W04 SK_W04 SK_W05 SK_W05 SK_W06;-1;SK_O01;SK_O01;1;SK_O01;SK_O01 SK_O01 SK_O02 SK_O02 SK_O03 SK_O04 SK_O04 SK_O05 SK_O06;-1;SK_O01;SK_O01;1;SK_W01;SK_W01 SK_W01 SK_W02 SK_W02 SK_W03 SK_W04 SK_W04 SK_W05 SK_W06;-1;SK_O01;-1;SK_O01;-1;SK_O01;-1;SK_O01;-1;SK_O06 SK_O06 SK_O06 SK_W06 SK_O06 SK_O06 SK_O06 SK_W06;SK_O01;-1
24;-;Spieler 4 (gelb);1;10000;4;1;0;-;2;0;0;PL4_PAL.LBM;PL4_N00;PL4_N00;10;PL4_O00;PL4_O00;10;PL4_S00;PL4_S00;10;PL4_W00;PL4_W00;10;PL4_RN00;PL4_RN00;9;PL4_RO00;PL4_RO00;9;PL4_RS00;PL4_RS00;9;PL4_RW00;PL4_RW00;9;PL4_EXPL PL4_EXPL PL4_EXPL PL4_EXPL PL4_EXPL PL4_EXPL PL4_EXPL PL4_EXPL PL4_EXPL PL4_EXPL PL4_EXPL PL4_EXPL PL4_EXPL PL4_EXPL PL4_EXPL PL4_EXPL PL4_EXPL PL4_EXPL PL4_EXPL PL4_EXPL;-1;P4_CL01 P4_CL01 P4_CL01 P4_CL01 P4_CL01 P4_CL01 P4_CL02 P4_CL02 P4_CL03 P4_CL03 P4_CL04 P4_CL04 P4_CL05 P4_CL05 P4_CL01 P4_CL01 P4_CL01 P4_CL01 P4_CL01 P4_CL01 P4_CL06 P4_CL06 P4_CL07 P4_CL07 P4_CL08 P4_CL08 P4_CL09 P4_CL09 P4_CL01 P4_CL01 P4_CL01 P4_CL01 P4_CL01 P4_CL01 P4_CL01 P4_CL01 P4_CL01 P4_CL01 P4_CL01 P4_CL01 P4_CL01 P4_CL01 P4_CL01 P4_CL01 P4_CL01 P4_CL01 P4_CL01 P4_CL01 P4_CL01 P4_CL01 P4_CL01 P4_CL02 P4_CL02 P4_CL03 P4_CL03 P4_CL04 P4_CL04 P4_CL05 P4_CL05 P4_CL01 P4_CL01 P4_CL01 P4_CL01 P4_CL01 P4_CL01 P4_CL01 P4_CL01 P4_CL01 P4_CL01 P4_CL01 P4_CL01 P4_CL01 P4_CL06 P4_CL06 P4_CL07 P4_CL07 P4_CL08 P4_CL08 P4_CL09 P4_CL09 P4_CL01 P4_CL01 P4_CL01 P4_CL01;-1;SENS_I01;-1;SENS_I01;-1;PL4_WN PL4_WO PL4_WS PL4_WW PL4_WNT PL4_WOT PL4_WST PL4_WWT;PL4_GI00;15
-;-;-;-;-;-;-;-;-;-;0;-1;-;SH_P1_NS;SH_P1_NS;1;SHADOW;SH_P2_O1 SH_P2_O1 SH_P2_O2 SH_P2_O2 SH_P2_O2 SH_P2_O1 SH_P2_O1 SH_P2_O1 SH_P2_O2 SH_P2_O2;-1;SH_P1_NS;SH_P1_NS;1;SHADOW;SH_P1_W1 SH_P1_W1 SH_P1_W2 SH_P1_W2 SH_P1_W2 SH_P1_W1 SH_P1_W1 SH_P1_W1 SH_P1_W2 SH_P1_W2;-1;SH_P1_NS;SH_P1_NS;1;SH_P2_O2;SH_P2_O2;1;SH_P1_NS;SH_P1_NS;1;SH_P1_W2;SH_P1_W2;1;SHADOW;-1;SHADOW;-1;SHADOW;-1;SHADOW;-1;SH_P1_NS SH_P2_O1 SH_P1_NS SH_P1_W1 SH_P1_NS SH_P2_O1 SH_P1_NS SH_P1_W1;SH_P1_NS;-1
-;-;-;-;-;-;-;-;-;-;1;1;-;SK_O01;SK_O01;1;SK_O01;SK_O01 SK_O01 SK_O02 SK_O02 SK_O03 SK_O04 SK_O04 SK_O05 SK_O05 SK_O06;-1;SK_O01;SK_O01;1;SK_W01;SK_W01 SK_W01 SK_W02 SK_W02 SK_W03 SK_W04 SK_W04 SK_W05 SK_W05 SK_W06;-1;SK_O01;SK_O01;1;SK_O01;SK_O01 SK_O01 SK_O02 SK_O02 SK_O03 SK_O04 SK_O04 SK_O05 SK_O06;-1;SK_O01;SK_O01;1;SK_W01;SK_W01 SK_W01 SK_W02 SK_W02 SK_W03 SK_W04 SK_W04 SK_W05 SK_W06;-1;SK_O01;-1;SK_O01;-1;SK_O01;-1;SK_O01;-1;SK_O06 SK_O06 SK_O06 SK_W06 SK_O06 SK_O06 SK_O06 SK_W06;SK_O01;-1
30;-;Karton mit Troggl;0;10000;1;2;1;-;-;-10;-8;DEF_PAL.LBM;KOFER1-1;KOFER1-1;6;KOFER1-1;KOFER1-1;6;KOFER1-1;KOFER1-1;6;KOFER1-1;KOFER1-1;6;KOFER1-1;KOFER1-1;6;KOFER1-1;KOFER1-1;6;KOFER1-1;KOFER1-1;6;KOFER1-1;KOFER1-1;6;KOFER1-1;1;KOFER1-1;1;KOFER1-1;1;KOFER1-1;1;KOFER1-1 KOFER1-1 KOFER1-1 KOFER1-1;KOFER1-1;1
-;-;-;-;-;-;-;-;-;-;0;0;-;SHADOW;SHADOW;1;SHADOW;SHADOW;1;SHADOW;SHADOW;1;SHADOW;SHADOW;1;SHADOW;SHADOW;1;SHADOW;SHADOW;1;SHADOW;SHADOW;1;SHADOW;SHADOW;1;SHADOW;-1;SHADOW;-1;SHADOW;-1;SHADOW;-1;SHADOW SHADOW SHADOW SHADOW;SHADOW;-1
-;-;-;-;-;-;-;-;-;-;0;0;-;SK_O01;SK_O01;1;SK_O01;SK_O01;1;SK_O01;SK_O01;1;SK_O01;SK_O01;1;SK_O01;SK_O01;1;SK_O01;SK_O01;1;SK_O01;SK_O01;1;SK_O01;SK_O01;1;SK_O01;-1;SK_O01;-1;SK_O01;-1;SK_O01;-1;SK_O01 SK_O01 SK_O01 SK_O01;SK_O01;-1
30;-;Roter Koffer von der Blondine;0;10000;1;2;2;-;-;-7;-10;DEF_PAL.LBM;KOFFER02;KOFFER02;1;KOFFER02;KOFFER02;1;KOFFER02;KOFFER02;1;KOFFER02;KOFFER02;1;KOFFER02;KOFFER02;1;KOFFER02;KOFFER02;1;KOFFER02;KOFFER02;1;KOFFER02;KOFFER02;1;KOFFER02;1;KOFFER02;1;KOFFER02;1;KOFFER02;1;KOFFER02;KOFFER02;1
-;-;-;-;-;-;-;-;-;-;0;0;-;SHADOW;SHADOW;1;SHADOW;SHADOW;1;SHADOW;SHADOW;1;SHADOW;SHADOW;1;SHADOW;SHADOW;1;SHADOW;SHADOW;1;SHADOW;SHADOW;1;SHADOW;SHADOW;1;SHADOW;-1;SHADOW;-1;SHADOW;-1;SHADOW;-1;SHADOW SHADOW SHADOW SHADOW;SHADOW;-1
-;-;-;-;-;-;-;-;-;-;0;0;-;SK_O01;SK_O01;1;SK_O01;SK_O01;1;SK_O01;SK_O01;1;SK_O01;SK_O01;1;SK_O01;SK_O01;1;SK_O01;SK_O01;1;SK_O01;SK_O01;1;SK_O01;SK_O01;1;SK_O01;-1;SK_O01;-1;SK_O01;-1;SK_O01;-1;SK_O01 SK_O01 SK_O01 SK_O01;SK_O01;-1
30;-;Koffer;0;10000;1;2;3;-;-;0;0;DEF_PAL.LBM;KOFFER03;KOFFER03;1;KOFFER03;KOFFER03;1;KOFFER03;KOFFER03;1;KOFFER03;KOFFER03;1;KOFFER03;KOFFER03;1;KOFFER03;KOFFER03;1;KOFFER03;KOFFER03;1;KOFFER03;KOFFER03;1;KOFFER03;1;KOFFER03;1;KOFFER03;1;KOFFER03;1;KOFFER03;KOFFER03;1
-;-;-;-;-;-;-;-;-;-;0;0;-;SHADOW;SHADOW;1;SHADOW;SHADOW;1;SHADOW;SHADOW;1;SHADOW;SHADOW;1;SHADOW;SHADOW;1;SHADOW;SHADOW;1;SHADOW;SHADOW;1;SHADOW;SHADOW;1;SHADOW;-1;SHADOW;-1;SHADOW;-1;SHADOW;-1;SHADOW SHADOW SHADOW SHADOW;SHADOW;-1
-;-;-;-;-;-;-;-;-;-;0;0;-;SK_O01;SK_O01;1;SK_O01;SK_O01;1;SK_O01;SK_O01;1;SK_O01;SK_O01;1;SK_O01;SK_O01;1;SK_O01;SK_O01;1;SK_O01;SK_O01;1;SK_O01;SK_O01;1;SK_O01;-1;SK_O01;-1;SK_O01;-1;SK_O01;-1;SK_O01 SK_O01 SK_O01 SK_O01;SK_O01;-1
30;-;Koffer;0;10000;1;2;4;-;-;0;0;DEF_PAL.LBM;KOFFER04;KOFFER04;1;KOFFER04;KOFFER04;1;KOFFER04;KOFFER04;1;KOFFER04;KOFFER04;1;KOFFER04;KOFFER04;1;KOFFER04;KOFFER04;1;KOFFER04;KOFFER04;1;KOFFER04;KOFFER04;1;KOFFER04;1;KOFFER04;1;KOFFER04;1;KOFFER04;1;KOFFER04;KOFFER04;1
-;-;-;-;-;-;-;-;-;-;0;0;-;SHADOW;SHADOW;1;SHADOW;SHADOW;1;SHADOW;SHADOW;1;SHADOW;SHADOW;1;SHADOW;SHADOW;1;SHADOW;SHADOW;1;SHADOW;SHADOW;1;SHADOW;SHADOW;1;SHADOW;-1;SHADOW;-1;SHADOW;-1;SHADOW;-1;SHADOW SHADOW SHADOW SHADOW;SHADOW;-1
-;-;-;-;-;-;-;-;-;-;0;0;-;SK_O01;SK_O01;1;SK_O01;SK_O01;1;SK_O01;SK_O01;1;SK_O01;SK_O01;1;SK_O01;SK_O01;1;SK_O01;SK_O01;1;SK_O01;SK_O01;1;SK_O01;SK_O01;1;SK_O01;-1;SK_O01;-1;SK_O01;-1;SK_O01;-1;SK_O01 SK_O01 SK_O01 SK_O01;SK_O01;-1
30;-;Koffer;0;10000;1;2;5;-;-;0;0;DEF_PAL.LBM;KOFFER05;KOFFER05;1;KOFFER05;KOFFER05;1;KOFFER05;KOFFER05;1;KOFFER05;KOFFER05;1;KOFFER05;KOFFER05;1;KOFFER05;KOFFER05;1;KOFFER05;KOFFER05;1;KOFFER05;KOFFER05;1;KOFFER05;1;KOFFER05;1;KOFFER05;1;KOFFER05;1;KOFFER05;KOFFER05;1
-;-;-;-;-;-;-;-;-;-;0;0;-;SHADOW;SHADOW;1;SHADOW;SHADOW;1;SHADOW;SHADOW;1;SHADOW;SHADOW;1;SHADOW;SHADOW;1;SHADOW;SHADOW;1;SHADOW;SHADOW;1;SHADOW;SHADOW;1;SHADOW;-1;SHADOW;-1;SHADOW;-1;SHADOW;-1;SHADOW SHADOW SHADOW SHADOW;SHADOW;-1
-;-;-;-;-;-;-;-;-;-;0;0;-;SK_O01;SK_O01;1;SK_O01;SK_O01;1;SK_O01;SK_O01;1;SK_O01;SK_O01;1;SK_O01;SK_O01;1;SK_O01;SK_O01;1;SK_O01;SK_O01;1;SK_O01;SK_O01;1;SK_O01;-1;SK_O01;-1;SK_O01;-1;SK_O01;-1;SK_O01 SK_O01 SK_O01 SK_O01;SK_O01;-1
30;-;Koffer;0;10000;1;2;6;-;-;0;0;DEF_PAL.LBM;KOFFER06;KOFFER06;1;KOFFER06;KOFFER06;1;KOFFER06;KOFFER06;1;KOFFER06;KOFFER06;1;KOFFER06;KOFFER06;1;KOFFER06;KOFFER06;1;KOFFER06;KOFFER06;1;KOFFER06;KOFFER06;1;KOFFER06;1;KOFFER06;1;KOFFER06;1;KOFFER06;1;KOFFER06;KOFFER06;1
-;-;-;-;-;-;-;-;-;-;0;0;-;SHADOW;SHADOW;1;SHADOW;SHADOW;1;SHADOW;SHADOW;1;SHADOW;SHADOW;1;SHADOW;SHADOW;1;SHADOW;SHADOW;1;SHADOW;SHADOW;1;SHADOW;SHADOW;1;SHADOW;-1;SHADOW;-1;SHADOW;-1;SHADOW;-1;SHADOW SHADOW SHADOW SHADOW;SHADOW;-1
-;-;-;-;-;-;-;-;-;-;0;0;-;SK_O01;SK_O01;1;SK_O01;SK_O01;1;SK_O01;SK_O01;1;SK_O01;SK_O01;1;SK_O01;SK_O01;1;SK_O01;SK_O01;1;SK_O01;SK_O01;1;SK_O01;SK_O01;1;SK_O01;-1;SK_O01;-1;SK_O01;-1;SK_O01;-1;SK_O01 SK_O01 SK_O01 SK_O01;SK_O01;-1
30;-;Koffer;0;10000;1;2;7;-;-;0;0;DEF_PAL.LBM;KOFFER07;KOFFER07;1;KOFFER07;KOFFER07;1;KOFFER07;KOFFER07;1;KOFFER07;KOFFER07;1;KOFFER07;KOFFER07;1;KOFFER07;KOFFER07;1;KOFFER07;KOFFER07;1;KOFFER07;KOFFER07;1;KOFFER07;1;KOFFER07;1;KOFFER07;1;KOFFER07;1;KOFFER07;KOFFER07;1
-;-;-;-;-;-;-;-;-;-;0;0;-;SHADOW;SHADOW;1;SHADOW;SHADOW;1;SHADOW;SHADOW;1;SHADOW;SHADOW;1;SHADOW;SHADOW;1;SHADOW;SHADOW;1;SHADOW;SHADOW;1;SHADOW;SHADOW;1;SHADOW;-1;SHADOW;-1;SHADOW;-1;SHADOW;-1;SHADOW SHADOW SHADOW SHADOW;SHADOW;-1
-;-;-;-;-;-;-;-;-;-;0;0;-;SK_O01;SK_O01;1;SK_O01;SK_O01;1;SK_O01;SK_O01;1;SK_O01;SK_O01;1;SK_O01;SK_O01;1;SK_O01;SK_O01;1;SK_O01;SK_O01;1;SK_O01;SK_O01;1;SK_O01;-1;SK_O01;-1;SK_O01;-1;SK_O01;-1;SK_O01 SK_O01 SK_O01 SK_O01;SK_O01;-1
30;-;Koffer;0;10000;1;2;8;-;-;-7;-14;DEF_PAL.LBM;KOFFER08;KOFFER08;1;KOFFER08;KOFFER08;1;KOFFER08;KOFFER08;1;KOFFER08;KOFFER08;1;KOFFER08;KOFFER08;1;KOFFER08;KOFFER08;1;KOFFER08;KOFFER08;1;KOFFER08;KOFFER08;1;KOFFER08;1;KOFFER08;1;KOFFER08;1;KOFFER08;1;KOFFER08;KOFFER08;1
-;-;-;-;-;-;-;-;-;-;0;0;-;SHADOW;SHADOW;1;SHADOW;SHADOW;1;SHADOW;SHADOW;1;SHADOW;SHADOW;1;SHADOW;SHADOW;1;SHADOW;SHADOW;1;SHADOW;SHADOW;1;SHADOW;SHADOW;1;SHADOW;-1;SHADOW;-1;SHADOW;-1;SHADOW;-1;SHADOW SHADOW SHADOW SHADOW;SHADOW;-1
-;-;-;-;-;-;-;-;-;-;0;0;-;SK_O01;SK_O01;1;SK_O01;SK_O01;1;SK_O01;SK_O01;1;SK_O01;SK_O01;1;SK_O01;SK_O01;1;SK_O01;SK_O01;1;SK_O01;SK_O01;1;SK_O01;SK_O01;1;SK_O01;-1;SK_O01;-1;SK_O01;-1;SK_O01;-1;SK_O01 SK_O01 SK_O01 SK_O01;SK_O01;-1
30;-;Koffer;0;10000;1;2;9;-;-;0;0;DEF_PAL.LBM;KOFFER09;KOFFER09;1;KOFFER09;KOFFER09;1;KOFFER09;KOFFER09;1;KOFFER09;KOFFER09;1;KOFFER09;KOFFER09;1;KOFFER09;KOFFER09;1;KOFFER09;KOFFER09;1;KOFFER09;KOFFER09;1;KOFFER09;1;KOFFER09;1;KOFFER09;1;KOFFER09;1;KOFFER09;KOFFER09;1
-;-;-;-;-;-;-;-;-;-;0;0;-;SHADOW;SHADOW;1;SHADOW;SHADOW;1;SHADOW;SHADOW;1;SHADOW;SHADOW;1;SHADOW;SHADOW;1;SHADOW;SHADOW;1;SHADOW;SHADOW;1;SHADOW;SHADOW;1;SHADOW;-1;SHADOW;-1;SHADOW;-1;SHADOW;-1;SHADOW SHADOW SHADOW SHADOW;SHADOW;-1
-;-;-;-;-;-;-;-;-;-;0;0;-;SK_O01;SK_O01;1;SK_O01;SK_O01;1;SK_O01;SK_O01;1;SK_O01;SK_O01;1;SK_O01;SK_O01;1;SK_O01;SK_O01;1;SK_O01;SK_O01;1;SK_O01;SK_O01;1;SK_O01;-1;SK_O01;-1;SK_O01;-1;SK_O01;-1;SK_O01 SK_O01 SK_O01 SK_O01;SK_O01;-1
30;-;Koffer;0;10000;1;2;10;-;-;0;0;DEF_PAL.LBM;KOFFER10;KOFFER10;1;KOFFER10;KOFFER10;1;KOFFER10;KOFFER10;1;KOFFER10;KOFFER10;1;KOFFER10;KOFFER10;1;KOFFER10;KOFFER10;1;KOFFER10;KOFFER10;1;KOFFER10;KOFFER10;1;KOFFER10;1;KOFFER10;1;KOFFER10;1;KOFFER10;1;KOFFER10;KOFFER10;1
-;-;-;-;-;-;-;-;-;-;0;0;-;SHADOW;SHADOW;1;SHADOW;SHADOW;1;SHADOW;SHADOW;1;SHADOW;SHADOW;1;SHADOW;SHADOW;1;SHADOW;SHADOW;1;SHADOW;SHADOW;1;SHADOW;SHADOW;1;SHADOW;-1;SHADOW;-1;SHADOW;-1;SHADOW;-1;SHADOW SHADOW SHADOW SHADOW;SHADOW;-1
-;-;-;-;-;-;-;-;-;-;0;0;-;SK_O01;SK_O01;1;SK_O01;SK_O01;1;SK_O01;SK_O01;1;SK_O01;SK_O01;1;SK_O01;SK_O01;1;SK_O01;SK_O01;1;SK_O01;SK_O01;1;SK_O01;SK_O01;1;SK_O01;-1;SK_O01;-1;SK_O01;-1;SK_O01;-1;SK_O01 SK_O01 SK_O01 SK_O01;SK_O01;-1
30;-;Koffer;0;10000;1;2;11;-;-;-13;-14;DEF_PAL.LBM;KOFFER11;KOFFER11;1;KOFFER11;KOFFER11;1;KOFFER11;KOFFER11;1;KOFFER11;KOFFER11;1;KOFFER11;KOFFER11;1;KOFFER11;KOFFER11;1;KOFFER11;KOFFER11;1;KOFFER11;KOFFER11;1;KOFFER11;1;KOFFER11;1;KOFFER11;1;KOFFER11;1;KOFFER11;KOFFER11;1
-;-;-;-;-;-;-;-;-;-;0;0;-;SHADOW;SHADOW;1;SHADOW;SHADOW;1;SHADOW;SHADOW;1;SHADOW;SHADOW;1;SHADOW;SHADOW;1;SHADOW;SHADOW;1;SHADOW;SHADOW;1;SHADOW;SHADOW;1;SHADOW;-1;SHADOW;-1;SHADOW;-1;SHADOW;-1;SHADOW SHADOW SHADOW SHADOW;SHADOW;-1
-;-;-;-;-;-;-;-;-;-;0;0;-;SK_O01;SK_O01;1;SK_O01;SK_O01;1;SK_O01;SK_O01;1;SK_O01;SK_O01;1;SK_O01;SK_O01;1;SK_O01;SK_O01;1;SK_O01;SK_O01;1;SK_O01;SK_O01;1;SK_O01;-1;SK_O01;-1;SK_O01;-1;SK_O01;-1;SK_O01 SK_O01 SK_O01 SK_O01;SK_O01;-1
30;-;Koffer;0;10000;1;2;12;-;-;0;0;DEF_PAL.LBM;KOFFER12;KOFFER12;1;KOFFER12;KOFFER12;1;KOFFER12;KOFFER12;1;KOFFER12;KOFFER12;1;KOFFER12;KOFFER12;1;KOFFER12;KOFFER12;1;KOFFER12;KOFFER12;1;KOFFER12;KOFFER12;1;KOFFER12;1;KOFFER12;1;KOFFER12;1;KOFFER12;1;KOFFER12;KOFFER12;1
-;-;-;-;-;-;-;-;-;-;0;0;-;SHADOW;SHADOW;1;SHADOW;SHADOW;1;SHADOW;SHADOW;1;SHADOW;SHADOW;1;SHADOW;SHADOW;1;SHADOW;SHADOW;1;SHADOW;SHADOW;1;SHADOW;SHADOW;1;SHADOW;-1;SHADOW;-1;SHADOW;-1;SHADOW;-1;SHADOW SHADOW SHADOW SHADOW;SHADOW;-1
-;-;-;-;-;-;-;-;-;-;0;0;-;SK_O01;SK_O01;1;SK_O01;SK_O01;1;SK_O01;SK_O01;1;SK_O01;SK_O01;1;SK_O01;SK_O01;1;SK_O01;SK_O01;1;SK_O01;SK_O01;1;SK_O01;SK_O01;1;SK_O01;-1;SK_O01;-1;SK_O01;-1;SK_O01;-1;SK_O01 SK_O01 SK_O01 SK_O01;SK_O01;-1
30;-;Koffer;0;10000;1;2;13;-;-;0;0;DEF_PAL.LBM;KOFFER13;KOFFER13;1;KOFFER13;KOFFER13;1;KOFFER13;KOFFER13;1;KOFFER13;KOFFER13;1;KOFFER13;KOFFER13;1;KOFFER13;KOFFER13;1;KOFFER13;KOFFER13;1;KOFFER13;KOFFER13;1;KOFFER13;1;KOFFER13;1;KOFFER13;1;KOFFER13;1;KOFFER13;KOFFER13;1
-;-;-;-;-;-;-;-;-;-;0;0;-;SHADOW;SHADOW;1;SHADOW;SHADOW;1;SHADOW;SHADOW;1;SHADOW;SHADOW;1;SHADOW;SHADOW;1;SHADOW;SHADOW;1;SHADOW;SHADOW;1;SHADOW;SHADOW;1;SHADOW;-1;SHADOW;-1;SHADOW;-1;SHADOW;-1;SHADOW SHADOW SHADOW SHADOW;SHADOW;-1
-;-;-;-;-;-;-;-;-;-;0;0;-;SK_O01;SK_O01;1;SK_O01;SK_O01;1;SK_O01;SK_O01;1;SK_O01;SK_O01;1;SK_O01;SK_O01;1;SK_O01;SK_O01;1;SK_O01;SK_O01;1;SK_O01;SK_O01;1;SK_O01;-1;SK_O01;-1;SK_O01;-1;SK_O01;-1;SK_O01 SK_O01 SK_O01 SK_O01;SK_O01;-1
30;-;Koffer;0;10000;1;2;14;-;-;-11;-13;DEF_PAL.LBM;KOFFER14;KOFFER14;1;KOFFER14;KOFFER14;1;KOFFER14;KOFFER14;1;KOFFER14;KOFFER14;1;KOFFER14;KOFFER14;1;KOFFER14;KOFFER14;1;KOFFER14;KOFFER14;1;KOFFER14;KOFFER14;1;KOFFER14;1;KOFFER14;1;KOFFER14;1;KOFFER14;1;KOFFER14;KOFFER14;1
-;-;-;-;-;-;-;-;-;-;0;0;-;SHADOW;SHADOW;1;SHADOW;SHADOW;1;SHADOW;SHADOW;1;SHADOW;SHADOW;1;SHADOW;SHADOW;1;SHADOW;SHADOW;1;SHADOW;SHADOW;1;SHADOW;SHADOW;1;SHADOW;-1;SHADOW;-1;SHADOW;-1;SHADOW;-1;SHADOW SHADOW SHADOW SHADOW;SHADOW;-1
-;-;-;-;-;-;-;-;-;-;0;0;-;SK_O01;SK_O01;1;SK_O01;SK_O01;1;SK_O01;SK_O01;1;SK_O01;SK_O01;1;SK_O01;SK_O01;1;SK_O01;SK_O01;1;SK_O01;SK_O01;1;SK_O01;SK_O01;1;SK_O01;-1;SK_O01;-1;SK_O01;-1;SK_O01;-1;SK_O01 SK_O01 SK_O01 SK_O01;SK_O01;-1
30;-;Doppelkoffer vom Opa;0;10000;1;2;15;-;-;-7;-10;DEF_PAL.LBM;KOFFER15;KOFFER15;1;KOFFER15;KOFFER15;1;KOFFER15;KOFFER15;1;KOFFER15;KOFFER15;1;KOFFER15;KOFFER15;1;KOFFER15;KOFFER15;1;KOFFER15;KOFFER15;1;KOFFER15;KOFFER15;1;KOFFER15;1;KOFFER15;1;KOFFER15;1;KOFFER15;1;KOFFER15;KOFFER15;1
-;-;-;-;-;-;-;-;-;-;0;0;-;SHADOW;SHADOW;1;SHADOW;SHADOW;1;SHADOW;SHADOW;1;SHADOW;SHADOW;1;SHADOW;SHADOW;1;SHADOW;SHADOW;1;SHADOW;SHADOW;1;SHADOW;SHADOW;1;SHADOW;-1;SHADOW;-1;SHADOW;-1;SHADOW;-1;SHADOW SHADOW SHADOW SHADOW;SHADOW;-1
-;-;-;-;-;-;-;-;-;-;0;0;-;SK_O01;SK_O01;1;SK_O01;SK_O01;1;SK_O01;SK_O01;1;SK_O01;SK_O01;1;SK_O01;SK_O01;1;SK_O01;SK_O01;1;SK_O01;SK_O01;1;SK_O01;SK_O01;1;SK_O01;-1;SK_O01;-1;SK_O01;-1;SK_O01;-1;SK_O01 SK_O01 SK_O01 SK_O01;SK_O01;-1
30;-;Seesack vom Soldaten;0;10000;1;2;16;-;-;-7;-10;DEF_PAL.LBM;KOFFER16;KOFFER16;1;KOFFER16;KOFFER16;1;KOFFER16;KOFFER16;1;KOFFER16;KOFFER16;1;KOFFER16;KOFFER16;1;KOFFER16;KOFFER16;1;KOFFER16;KOFFER16;1;KOFFER16;KOFFER16;1;KOFFER16;1;KOFFER16;1;KOFFER16;1;KOFFER16;1;KOFFER16 KOFFER16 KOFFER16 KOFFER16;SCHW_WN;1
-;-;-;-;-;-;-;-;-;-;0;0;-;SHADOW;SHADOW;1;SHADOW;SHADOW;1;SHADOW;SHADOW;1;SHADOW;SHADOW;1;SHADOW;SHADOW;1;SHADOW;SHADOW;1;SHADOW;SHADOW;1;SHADOW;SHADOW;1;SHADOW;-1;SHADOW;-1;SHADOW;-1;SHADOW;-1;SHADOW SHADOW SHADOW SHADOW;SHADOW;-1
-;-;-;-;-;-;-;-;-;-;0;0;-;SK_O01;SK_O01;1;SK_O01;SK_O01;1;SK_O01;SK_O01;1;SK_O01;SK_O01;1;SK_O01;SK_O01;1;SK_O01;SK_O01;1;SK_O01;SK_O01;1;SK_O01;SK_O01;1;SK_O01;-1;SK_O01;-1;SK_O01;-1;SK_O01;-1;SK_O01 SK_O01 SK_O01 SK_O01;SK_O01;-1
30;-;Kugel;0;10000;1;2;17;-;-;-7;-14;DEF_PAL.LBM;KOFFER17;KOFFER17;1;KOFFER17;KOFFER17;1;KOFFER17;KOFFER17;1;KOFFER17;KOFFER17;1;KOFFER17;KOFFER17;1;KOFFER17;KOFFER17;1;KOFFER17;KOFFER17;1;KOFFER17;KOFFER17;1;KOFFER17;1;KOFFER17;1;KOFFER17;1;KOFFER17;1;KOFFER17 KOFFER17 KOFFER17 KOFFER17;KOFFER17;1
-;-;-;-;-;-;-;-;-;-;0;0;-;SHADOW;SHADOW;1;SHADOW;SHADOW;1;SHADOW;SHADOW;1;SHADOW;SHADOW;1;SHADOW;SHADOW;1;SHADOW;SHADOW;1;SHADOW;SHADOW;1;SHADOW;SHADOW;1;SHADOW;-1;SHADOW;-1;SHADOW;-1;SHADOW;-1;SHADOW SHADOW SHADOW SHADOW;SHADOW;-1
-;-;-;-;-;-;-;-;-;-;0;0;-;SK_O01;SK_O01;1;SK_O01;SK_O01;1;SK_O01;SK_O01;1;SK_O01;SK_O01;1;SK_O01;SK_O01;1;SK_O01;SK_O01;1;SK_O01;SK_O01;1;SK_O01;SK_O01;1;SK_O01;-1;SK_O01;-1;SK_O01;-1;SK_O01;-1;SK_O01 SK_O01 SK_O01 SK_O01;SK_O01;-1
30;-;Koffer vom Fan;0;10000;1;2;18;-;-;-7;-9;DEF_PAL.LBM;KOFFER18;KOFFER18;1;KOFFER18;KOFFER18;1;KOFFER18;KOFFER18;1;KOFFER18;KOFFER18;1;KOFFER18;KOFFER18;1;KOFFER18;KOFFER18;1;KOFFER18;KOFFER18;1;KOFFER18;KOFFER18;1;KOFFER18;1;KOFFER18;1;KOFFER18;1;KOFFER18;1;KOFFER18 KOFFER18 KOFFER18 KOFFER18;KOFFER18;1
-;-;-;-;-;-;-;-;-;-;0;0;-;SHADOW;SHADOW;1;SHADOW;SHADOW;1;SHADOW;SHADOW;1;SHADOW;SHADOW;1;SHADOW;SHADOW;1;SHADOW;SHADOW;1;SHADOW;SHADOW;1;SHADOW;SHADOW;1;SHADOW;-1;SHADOW;-1;SHADOW;-1;SHADOW;-1;SHADOW SHADOW SHADOW SHADOW;SHADOW;-1
-;-;-;-;-;-;-;-;-;-;0;0;-;SK_O01;SK_O01;1;SK_O01;SK_O01;1;SK_O01;SK_O01;1;SK_O01;SK_O01;1;SK_O01;SK_O01;1;SK_O01;SK_O01;1;SK_O01;SK_O01;1;SK_O01;SK_O01;1;SK_O01;-1;SK_O01;-1;SK_O01;-1;SK_O01;-1;SK_O01 SK_O01 SK_O01 SK_O01;SK_O01;-1
30;-;Rad vom Radfahrer;0;10000;1;2;19;-;-;-7;-12;DEF_PAL.LBM;KOFFER19;KOFFER19;1;KOFFER19;KOFFER19;1;KOFFER19;KOFFER19;1;KOFFER19;KOFFER19;1;KOFFER19;KOFFER19;1;KOFFER19;KOFFER19;1;KOFFER19;KOFFER19;1;KOFFER19;KOFFER19;1;KOFFER19;1;KOFFER19;1;KOFFER19;1;KOFFER19;1;KOFFER19 KOFFER19 KOFFER19 KOFFER19;KOFFER19;1
-;-;-;-;-;-;-;-;-;-;0;0;-;SHADOW;SHADOW;1;SHADOW;SHADOW;1;SHADOW;SHADOW;1;SHADOW;SHADOW;1;SHADOW;SHADOW;1;SHADOW;SHADOW;1;SHADOW;SHADOW;1;SHADOW;SHADOW;1;SHADOW;-1;SHADOW;-1;SHADOW;-1;SHADOW;-1;SHADOW SHADOW SHADOW SHADOW;SHADOW;-1
-;-;-;-;-;-;-;-;-;-;0;0;-;SK_O01;SK_O01;1;SK_O01;SK_O01;1;SK_O01;SK_O01;1;SK_O01;SK_O01;1;SK_O01;SK_O01;1;SK_O01;SK_O01;1;SK_O01;SK_O01;1;SK_O01;SK_O01;1;SK_O01;-1;SK_O01;-1;SK_O01;-1;SK_O01;-1;SK_O01 SK_O01 SK_O01 SK_O01;SK_O01;-1
30;-;Rad vom Cowboy;0;10000;1;2;20;-;-;-7;-12;DEF_PAL.LBM;KOFFER20;KOFFER20;1;KOFFER20;KOFFER20;1;KOFFER20;KOFFER20;1;KOFFER20;KOFFER20;1;KOFFER20;KOFFER20;1;KOFFER20;KOFFER20;1;KOFFER20;KOFFER20;1;KOFFER20;KOFFER20;1;KOFFER20;1;KOFFER20;1;KOFFER20;1;KOFFER20;1;KOFFER20;KOFFER20;1
-;-;-;-;-;-;-;-;-;-;0;0;-;SHADOW;SHADOW;1;SHADOW;SHADOW;1;SHADOW;SHADOW;1;SHADOW;SHADOW;1;SHADOW;SHADOW;1;SHADOW;SHADOW;1;SHADOW;SHADOW;1;SHADOW;SHADOW;1;SHADOW;-1;SHADOW;-1;SHADOW;-1;SHADOW;-1;SHADOW SHADOW SHADOW SHADOW;SHADOW;-1
-;-;-;-;-;-;-;-;-;-;0;0;-;SK_O01;SK_O01;1;SK_O01;SK_O01;1;SK_O01;SK_O01;1;SK_O01;SK_O01;1;SK_O01;SK_O01;1;SK_O01;SK_O01;1;SK_O01;SK_O01;1;SK_O01;SK_O01;1;SK_O01;-1;SK_O01;-1;SK_O01;-1;SK_O01;-1;SK_O01 SK_O01 SK_O01 SK_O01;SK_O01;-1
30;-;Tasche der Turnerin;0;10000;1;2;21;-;-;-7;-12;DEF_PAL.LBM;KOFFER21;KOFFER21;1;KOFFER21;KOFFER21;1;KOFFER21;KOFFER21;1;KOFFER21;KOFFER21;1;KOFFER21;KOFFER21;1;KOFFER21;KOFFER21;1;KOFFER21;KOFFER21;1;KOFFER21;KOFFER21;1;KOFFER21;1;KOFFER21;1;KOFFER21;1;KOFFER21;1;KOFFER21;KOFFER21;1
-;-;-;-;-;-;-;-;-;-;0;0;-;SHADOW;SHADOW;1;SHADOW;SHADOW;1;SHADOW;SHADOW;1;SHADOW;SHADOW;1;SHADOW;SHADOW;1;SHADOW;SHADOW;1;SHADOW;SHADOW;1;SHADOW;SHADOW;1;SHADOW;-1;SHADOW;-1;SHADOW;-1;SHADOW;-1;SHADOW SHADOW SHADOW SHADOW;SHADOW;-1
-;-;-;-;-;-;-;-;-;-;0;0;-;SK_O01;SK_O01;1;SK_O01;SK_O01;1;SK_O01;SK_O01;1;SK_O01;SK_O01;1;SK_O01;SK_O01;1;SK_O01;SK_O01;1;SK_O01;SK_O01;1;SK_O01;SK_O01;1;SK_O01;-1;SK_O01;-1;SK_O01;-1;SK_O01;-1;SK_O01 SK_O01 SK_O01 SK_O01;SK_O01;-1
30;-;Koffer von B7;0;10000;1;2;22;-;-;-7;-10;DEF_PAL.LBM;KOFFER22;KOFFER22;1;KOFFER22;KOFFER22;1;KOFFER22;KOFFER22;1;KOFFER22;KOFFER22;1;KOFFER22;KOFFER22;1;KOFFER22;KOFFER22;1;KOFFER22;KOFFER22;1;KOFFER22;KOFFER22;1;KOFFER22;1;KOFFER22;1;KOFFER22;1;KOFFER22;1;KOFFER22 KOFFER22 KOFFER22 KOFFER22;KOFFER22;1
-;-;-;-;-;-;-;-;-;-;0;0;-;SHADOW;SHADOW;1;SHADOW;SHADOW;1;SHADOW;SHADOW;1;SHADOW;SHADOW;1;SHADOW;SHADOW;1;SHADOW;SHADOW;1;SHADOW;SHADOW;1;SHADOW;SHADOW;1;SHADOW;-1;SHADOW;-1;SHADOW;-1;SHADOW;-1;SHADOW SHADOW SHADOW SHADOW;SHADOW;-1
-;-;-;-;-;-;-;-;-;-;0;0;-;SK_O01;SK_O01;1;SK_O01;SK_O01;1;SK_O01;SK_O01;1;SK_O01;SK_O01;1;SK_O01;SK_O01;1;SK_O01;SK_O01;1;SK_O01;SK_O01;1;SK_O01;SK_O01;1;SK_O01;-1;SK_O01;-1;SK_O01;-1;SK_O01;-1;SK_O01 SK_O01 SK_O01 SK_O01;SK_O01;-1
30;-;Koffer von B8;0;10000;1;2;23;-;-;-7;-14;KOF23_PAL.LBM;KOFFER23;KOFFER23;1;KOFFER23;KOFFER23;1;KOFFER23;KOFFER23;1;KOFFER23;KOFFER23;1;KOFFER23;KOFFER23;1;KOFFER23;KOFFER23;1;KOFFER23;KOFFER23;1;KOFFER23;KOFFER23;1;KOFFER23;1;KOFFER23;1;KOFFER23;1;KOFFER23;1;KOFFER23 KOFFER23 KOFFER23 KOFFER23;KOFFER23;1
-;-;-;-;-;-;-;-;-;-;0;0;-;SHADOW;SHADOW;1;SHADOW;SHADOW;1;SHADOW;SHADOW;1;SHADOW;SHADOW;1;SHADOW;SHADOW;1;SHADOW;SHADOW;1;SHADOW;SHADOW;1;SHADOW;SHADOW;1;SHADOW;-1;SHADOW;-1;SHADOW;-1;SHADOW;-1;SHADOW SHADOW SHADOW SHADOW;SHADOW;-1
-;-;-;-;-;-;-;-;-;-;0;0;-;SK_O01;SK_O01;1;SK_O01;SK_O01;1;SK_O01;SK_O01;1;SK_O01;SK_O01;1;SK_O01;SK_O01;1;SK_O01;SK_O01;1;SK_O01;SK_O01;1;SK_O01;SK_O01;1;SK_O01;-1;SK_O01;-1;SK_O01;-1;SK_O01;-1;SK_O01 SK_O01 SK_O01 SK_O01;SK_O01;-1
30;-;Koffer vom Roboter;0;10000;1;2;24;-;-;-7;-9;DEF_PAL.LBM;KOFFER24;KOFFER24;1;KOFFER24;KOFFER24;1;KOFFER24;KOFFER24;1;KOFFER24;KOFFER24;1;KOFFER24;KOFFER24;1;KOFFER24;KOFFER24;1;KOFFER24;KOFFER24;1;KOFFER24;KOFFER24;1;KOFFER24;1;KOFFER24;1;KOFFER24;1;KOFFER24;1;KOFFER24 KOFFER24 KOFFER24 KOFFER24;KOFFER24;1
-;-;-;-;-;-;-;-;-;-;0;0;-;SHADOW;SHADOW;1;SHADOW;SHADOW;1;SHADOW;SHADOW;1;SHADOW;SHADOW;1;SHADOW;SHADOW;1;SHADOW;SHADOW;1;SHADOW;SHADOW;1;SHADOW;SHADOW;1;SHADOW;-1;SHADOW;-1;SHADOW;-1;SHADOW;-1;SHADOW SHADOW SHADOW SHADOW;SHADOW;-1
-;-;-;-;-;-;-;-;-;-;0;0;-;SK_O01;SK_O01;1;SK_O01;SK_O01;1;SK_O01;SK_O01;1;SK_O01;SK_O01;1;SK_O01;SK_O01;1;SK_O01;SK_O01;1;SK_O01;SK_O01;1;SK_O01;SK_O01;1;SK_O01;-1;SK_O01;-1;SK_O01;-1;SK_O01;-1;SK_O01 SK_O01 SK_O01 SK_O01;SK_O01;-1
30;-;Eimer vom Maler;0;10000;1;2;25;-;-;-7;-12;DEF_PAL.LBM;KOFFER25;KOFFER25;1;KOFFER25;KOFFER25;1;KOFFER25;KOFFER25;1;KOFFER25;KOFFER25;1;KOFFER25;KOFFER25;1;KOFFER25;KOFFER25;1;KOFFER25;KOFFER25;1;KOFFER25;KOFFER25;1;KOFFER25;1;KOFFER25;1;KOFFER25;1;KOFFER25;1;KOFFER25 KOFFER25 KOFFER25 KOFFER25;KOFFER25;1
-;-;-;-;-;-;-;-;-;-;0;0;-;SHADOW;SHADOW;1;SHADOW;SHADOW;1;SHADOW;SHADOW;1;SHADOW;SHADOW;1;SHADOW;SHADOW;1;SHADOW;SHADOW;1;SHADOW;SHADOW;1;SHADOW;SHADOW;1;SHADOW;-1;SHADOW;-1;SHADOW;-1;SHADOW;-1;SHADOW SHADOW SHADOW SHADOW;SHADOW;-1
-;-;-;-;-;-;-;-;-;-;0;0;-;SK_O01;SK_O01;1;SK_O01;SK_O01;1;SK_O01;SK_O01;1;SK_O01;SK_O01;1;SK_O01;SK_O01;1;SK_O01;SK_O01;1;SK_O01;SK_O01;1;SK_O01;SK_O01;1;SK_O01;-1;SK_O01;-1;SK_O01;-1;SK_O01;-1;SK_O01 SK_O01 SK_O01 SK_O01;SK_O01;-1
40;10;Klebstoff;0;10000;1;2;0;-;-;14;4;DEF_PAL.LBM;KLEBER;KLEBER;1;KLEBER;KLEBER;1;KLEBER;KLEBER;1;KLEBER;KLEBER;1;KLEBER;KLEBER;1;KLEBER;KLEBER;1;KLEBER;KLEBER;1;KLEBER;KLEBER;1;KLEBER;1;KLEBER;1;KLEBER;1;KLEBER;1;KLEBER KLEBER KLEBER KLEBER;KLEBER;1
-;-;-;-;-;-;-;-;-;-;0;10000;-;SHADOW;SHADOW;1;SHADOW;SHADOW;1;SHADOW;SHADOW;1;SHADOW;SHADOW;1;SHADOW;SHADOW;1;SHADOW;SHADOW;1;SHADOW;SHADOW;1;SHADOW;SHADOW;1;SHADOW;-1;SHADOW;-1;SHADOW;-1;SHADOW;-1;SHADOW SHADOW SHADOW SHADOW;SHADOW;-1
-;-;-;-;-;-;-;-;-;-;0;10000;-;SK_O01;SK_O01;1;SK_O01;SK_O01;1;SK_O01;SK_O01;1;SK_O01;SK_O01;1;SK_O01;SK_O01;1;SK_O01;SK_O01;1;SK_O01;SK_O01;1;SK_O01;SK_O01;1;SK_O01;-1;SK_O01;-1;SK_O01;-1;SK_O01;-1;SK_O01 SK_O01 SK_O01 SK_O01;SK_O01;-1
40;20;Stinkbombe;0;10000;1;2;0;-;-;0;0;DEF_PAL.LBM;STINK;STINK;1;STINK;STINK;1;STINK;STINK;1;STINK;STINK;1;STINK;STINK;1;STINK;STINK;1;STINK;STINK;1;STINK;STINK;1;STINK;1;STINK;1;STINK;1;STINK;1;STINK STINK STINK STINK;STINK;1
-;-;-;-;-;-;-;-;-;-;0;10000;-;SHADOW;SHADOW;1;SHADOW;SHADOW;1;SHADOW;SHADOW;1;SHADOW;SHADOW;1;SHADOW;SHADOW;1;SHADOW;SHADOW;1;SHADOW;SHADOW;1;SHADOW;SHADOW;1;SHADOW;-1;SHADOW;-1;SHADOW;-1;SHADOW;-1;SHADOW SHADOW SHADOW SHADOW;SHADOW;-1
-;-;-;-;-;-;-;-;-;-;0;10000;-;SK_O01;SK_O01;1;SK_O01;SK_O01;1;SK_O01;SK_O01;1;SK_O01;SK_O01;1;SK_O01;SK_O01;1;SK_O01;SK_O01;1;SK_O01;SK_O01;1;SK_O01;SK_O01;1;SK_O01;-1;SK_O01;-1;SK_O01;-1;SK_O01;-1;SK_O01 SK_O01 SK_O01 SK_O01;SK_O01;-1
