Art;
0;Annette
0;Petra
0;Carla
0;Indra
0;Sandra
0;Petra
0;Imke
0;Anke
0;Alex
0;Alexandra
0;Louise
0;Susi
0;Marlene
0;Elke
0;Maren
0;Britta
0;Brigitte
0;Sonja
0;Merle
0;Franziska
0;Annie
0;Olga
0;Melanie
0;Steffie
0;Tina
0;Martina
0;Johanna
0;Anne
0;Nathalie
0;Doreen
0;Beverly
0;Christine
0;Pat
0;Marcia
0;Emily
0;Loretta
0;Sherin
0;Ellen
0;Roberta
1;David
1;John
1;Rick
1;Jurie
1;Mark
1;Peter
1;Herbert
1;Thomas
1;Armin
1;Robert
1;Alexander
1;Bill
1;Karl
1;Dietrich
1;Bernhard
1;Samuel
1;Michael
1;Jerry
1;Christian
1;Henry
1;Ken
1;Bob
1;Kevin
1;Adrian
1;Ted
1;Larry
1;Patrick
1;Al
1;Philipp
1;Walter
1;Lee
1;Thorsten
1;Franz
1;Otto
1;Ingolf
1;Trevor
1;Tobias
1;Andreas
1;Zacharias
2;Edwards
2;Mellen
2;Öttger
2;Schneider
2;Müller
2;Michels
2;Peters
2;Landers
2;Eichbaum
2;Goldscheuer
2;Schmidt
2;Ende
2;Friedmann
2;Reimer
2;Schwarzhaupt
2;Hartmann
2;Polaski
2;Meier
2;Clark
2;Biermann
2;Hedrich
2;Sinters
2;Bittmann
2;Berker
2;Niefer
2;Ottersbeck
2;Schmalbach
2;Wall
2;Blüm
2;Ewers
2;Gessert
2;Haessig
2;Holz
2;Mandon
2;Gingter
2;Turner
2;Sanders
2;Xendro
2;Schweizer
2;Adelsberger
2;Uhlmann
2;Kaspar
2;Hofstedt
2;Stolz
2;O'Neil
2;Rainer
2;Toth
2;Beenen
2;Feuser
2;Cöll
2;Meister
2;De Wulf
2;Prantera
2;Horowitz
2;Plonk
2;Späth
2;Kahl
2;Lloyd
2;Rabe
2;Ising
2;Paskert
2;Stoiber
2;Stroustrup
2;Dimberg
2;Karlstein
2;Nordin
2;Bloman
2;Sundquist
2;Danner
2;Beimar
2;Foster
2;Castro
2;Kurlander
2;Linn
2;Becker
2;Silber
2;Tappert
2;Horn
2;Ladanyi
0;Sofia
0;Isabella
0;Emma
0;Olivia
0;Mia
0;Lea
0;Laura
0;Julia
0;Hannah
0;Lena
0;Maria
0;Elena
0;Nina
0;Lisa
0;Clara
0;Sara
0;Eva
0;Ida
0;Iris
0;Nora
0;Rosa
0;Vera
0;Ines
0;Katja
0;Monika
0;Renate
0;Sabine
0;Ursula
0;Helga
0;Ingrid
0;Astrid
0;Sigrid
0;Hilde
0;Gerda
0;Ilse
0;Erika
0;Greta
0;Else
0;Theresa
0;Magdalena
0;Veronika
0;Stefanie
0;Claudia
0;Kerstin
0;Nadine
0;Nicole
0;Silvia
0;Susanne
0;Birgit
0;Cornelia
0;Dorothea
0;Elisabeth
0;Friederike
0;Gabriele
0;Heike
0;Charlotte
0;Amelia
0;Ava
0;Sophia
0;Abigail
0;Madison
0;Harper
0;Evelyn
0;Elizabeth
0;Scarlett
0;Grace
0;Chloe
0;Victoria
0;Penelope
0;Riley
0;Zoey
0;Lily
0;Eleanor
0;Lillian
0;Addison
0;Aubrey
0;Ellie
0;Stella
0;Natalie
0;Zoe
0;Leah
0;Hazel
0;Violet
0;Aurora
0;Savannah
0;Audrey
0;Brooklyn
0;Bella
0;Claire
0;Skylar
0;Lucy
0;Paisley
0;Everly
0;Anna
0;Caroline
0;Nova
0;Genesis
0;Emilia
0;Kennedy
0;Samantha
0;Maya
0;Willow
0;Kinsley
0;Naomi
0;Camille
0;Manon
0;Lucie
0;Mathilde
0;Pauline
0;Marie
0;Julie
0;Aurelie
0;Celine
0;Valerie
0;Isabelle
0;Veronique
0;Sandrine
0;Laetitia
0;Elodie
0;Amandine
0;Valentina
0;Lucia
0;Catalina
0;Gabriela
0;Natalia
0;Daniela
0;Alejandra
0;Valeria
0;Camila
0;Mariana
0;Fernanda
0;Paola
0;Andrea
0;Monica
0;Diana
0;Lorena
0;Adriana
0;Yuki
0;Akiko
0;Keiko
0;Yoko
0;Hanako
0;Naoko
0;Sachiko
0;Aiko
0;Emi
0;Hana
0;Mei
0;Lin
0;Wei
0;Xiu
0;Fang
0;Priya
0;Anita
0;Sunita
0;Kavita
0;Nisha
0;Pooja
0;Deepa
0;Soo
0;Ji-Young
0;Hyun
0;Yuna
0;Min-Ji
0;So-Yeon
0;Fatima
0;Aisha
0;Zainab
0;Maryam
0;Nadia
0;Layla
0;Rania
0;Dina
0;Yasmin
0;Leila
0;Salma
0;Samira
0;Amara
0;Imani
0;Zara
0;Nia
0;Adaeze
0;Chioma
0;Ngozi
0;Amirah
0;Fatou
0;Mariama
0;Kadiatou
0;Aminata
0;Anastasia
0;Natasha
0;Tatiana
0;Irina
0;Svetlana
0;Ekaterina
0;Darya
0;Alina
0;Oksana
0;Yulia
0;Galina
0;Ludmila
0;Natalya
0;Larisa
0;Yelena
0;Marina
0;Zuzanna
0;Agnieszka
0;Malgorzata
0;Katarzyna
0;Joanna
0;Barbara
0;Beata
0;Dorota
0;Freya
0;Maja
0;Elsa
0;Elin
0;Lovisa
0;Klara
0;Fanny
0;Ebba
0;Tilda
0;Agnes
0;Hedvig
0;Birgitte
0;Ragnhild
0;Solveig
0;Signe
0;Inga
0;Bodil
0;Turid
1;Luca
1;Marco
1;Matteo
1;Lorenzo
1;Davide
1;Federico
1;Alessandro
1;Stefano
1;Andrea
1;Massimo
1;Roberto
1;Antonio
1;Francesco
1;Giovanni
1;Paolo
1;Giuseppe
1;Enzo
1;Carlo
1;Giorgio
1;Sergio
1;Mauro
1;Claudio
1;Fabio
1;Simone
1;Klaus
1;Dieter
1;Werner
1;Günter
1;Wolfgang
1;Horst
1;Gerhard
1;Manfred
1;Heinz
1;Jürgen
1;Rainer
1;Stefan
1;Matthias
1;Markus
1;Florian
1;Sebastian
1;Christoph
1;Dominik
1;Fabian
1;Jan
1;Lukas
1;Maximilian
1;Niklas
1;Felix
1;Leon
1;Jonas
1;Noah
1;Paul
1;Jakob
1;James
1;Oliver
1;William
1;Benjamin
1;Elijah
1;Lucas
1;Mason
1;Ethan
1;Aiden
1;Logan
1;Jackson
1;Mateo
1;Jack
1;Owen
1;Theodore
1;Liam
1;Ryan
1;Nathan
1;Aaron
1;Isaac
1;Caleb
1;Connor
1;Dylan
1;Evan
1;Hunter
1;Jordan
1;Tyler
1;Zachary
1;Brandon
1;Austin
1;Justin
1;Nicholas
1;Eric
1;Sean
1;Kyle
1;Jason
1;Brian
1;Scott
1;Donald
1;Gary
1;Edward
1;Ronald
1;Timothy
1;Kenneth
1;Steven
1;Joseph
1;Antoine
1;Mathieu
1;Julien
1;Nicolas
1;Romain
1;Maxime
1;Pierre
1;Guillaume
1;Baptiste
1;Alexandre
1;Sebastien
1;Christophe
1;Laurent
1;Frederic
1;Vincent
1;Benoit
1;Thierry
1;Xavier
1;Philippe
1;Bruno
1;Stephane
1;Santiago
1;Matias
1;Emiliano
1;Tomas
1;Juan
1;Carlos
1;Miguel
1;Jose
1;Luis
1;Jorge
1;Fernando
1;Ricardo
1;Pablo
1;Eduardo
1;Francisco
1;Alejandro
1;Diego
1;Andres
1;Rodrigo
1;Gabriel
1;Kenji
1;Takashi
1;Hiroshi
1;Yoshio
1;Makoto
1;Daisuke
1;Kazuki
1;Ryota
1;Shota
1;Yuto
1;Wei
1;Ming
1;Jian
1;Hao
1;Feng
1;Raj
1;Vikram
1;Arjun
1;Suresh
1;Ramesh
1;Min-Jun
1;Ji-Ho
1;Sung
1;Hyun-Soo
1;Jae-Won
1;Mohammed
1;Ahmed
1;Ali
1;Omar
1;Hassan
1;Ibrahim
1;Yusuf
1;Khalid
1;Tariq
1;Samir
1;Karim
1;Nasser
1;Faisal
1;Hamid
1;Walid
1;Ziad
1;Rami
1;Bilal
1;Kwame
1;Kofi
1;Ade
1;Chukwu
1;Emeka
1;Tunde
1;Seun
1;Babatunde
1;Oluwaseun
1;Mamadou
1;Moussa
1;Oumar
1;Amadou
1;Boubacar
1;Dmitri
1;Sergei
1;Alexei
1;Nikolai
1;Vladimir
1;Andrei
1;Igor
1;Pavel
1;Roman
1;Viktor
1;Maxim
1;Artem
1;Mikhail
1;Konstantin
1;Stanislav
1;Bogdan
1;Ruslan
1;Piotr
1;Krzysztof
1;Tomasz
1;Marek
1;Pawel
1;Lukasz
1;Rafal
1;Michal
1;Marcin
1;Jacek
1;Grzegorz
1;Adam
1;Erik
1;Lars
1;Bjorn
1;Sven
1;Magnus
1;Gunnar
1;Olaf
1;Torbjorn
1;Eirik
1;Leif
1;Sigurd
1;Ragnar
1;Vidar
1;Henning
1;Rolf
1;Knut
1;Dag
1;Arne
1;Einar
2;Weber
2;Meyer
2;Wagner
2;Schulz
2;Hoffmann
2;Schäfer
2;Koch
2;Bauer
2;Richter
2;Klein
2;Wolf
2;Schröder
2;Neumann
2;Schwarz
2;Zimmermann
2;Braun
2;Krüger
2;Hofmann
2;Lange
2;Hildebrandt
2;Lehmann
2;Maurer
2;Brandt
2;Vogt
2;König
2;Walter
2;Mayer
2;Huber
2;Steiner
2;Gruber
2;Wimmer
2;Winkler
2;Pichler
2;Moser
2;Berger
2;Auer
2;Brunner
2;Fuchs
2;Hahn
2;Hermann
2;Kaiser
2;Keller
2;Krause
2;Kunze
2;Lenz
2;Ludwig
2;Martens
2;Naumann
2;Otto
2;Ritter
2;Roth
2;Smith
2;Johnson
2;Williams
2;Brown
2;Jones
2;Garcia
2;Miller
2;Davis
2;Wilson
2;Anderson
2;Taylor
2;Thomas
2;Jackson
2;White
2;Harris
2;Martin
2;Thompson
2;Robinson
2;Lewis
2;Walker
2;Hall
2;Allen
2;Young
2;King
2;Wright
2;Scott
2;Green
2;Baker
2;Adams
2;Nelson
2;Hill
2;Ramirez
2;Campbell
2;Mitchell
2;Roberts
2;Carter
2;Phillips
2;Evans
2;Torres
2;Parker
2;Collins
2;Stewart
2;Flores
2;Morris
2;Nguyen
2;Murphy
2;Rivera
2;Cook
2;Rogers
2;Morgan
2;Peterson
2;Cooper
2;Reed
2;Bailey
2;Bell
2;Gomez
2;Kelly
2;Howard
2;Dupont
2;Durand
2;Lefebvre
2;Moreau
2;Laurent
2;Simon
2;Michel
2;Leroy
2;Roux
2;David
2;Bertrand
2;Morel
2;Girard
2;Bonnet
2;Dupuis
2;Lambert
2;Fontaine
2;Rousseau
2;Vincent
2;Muller
2;Garnier
2;Chevalier
2;Faure
2;Gauthier
2;Rodriguez
2;Martinez
2;Hernandez
2;Lopez
2;Gonzalez
2;Perez
2;Sanchez
2;Cruz
2;Reyes
2;Ferrari
2;Rossi
2;Russo
2;Romano
2;Ricci
2;Marino
2;Greco
2;Bruno
2;Gallo
2;Conti
2;Esposito
2;Bianchi
2;Novak
2;Kovac
2;Horvat
2;Babic
2;Kovacevic
2;Petrovic
2;Jovanovic
2;Nikolic
2;Markovic
2;Stojanovic
2;Ilic
2;Popov
2;Ivanov
2;Petrov
2;Smirnov
2;Kuznetsov
2;Sokolov
2;Volkov
2;Morozov
2;Kozlov
2;Pavlov
2;Lebedev
2;Fedorov
2;Kowalski
2;Wojcik
2;Kowalczyk
2;Kaminski
2;Lewandowski
2;Zielinski
2;Szymanski
2;Wozniak
2;Dabrowski
2;Kozlowski
2;Andersen
2;Nielsen
2;Hansen
2;Pedersen
2;Jensen
2;Larsen
2;Sorensen
2;Christensen
2;Poulsen
2;Madsen
2;Kristensen
2;Lindqvist
2;Bergstrom
2;Lundgren
2;Eriksson
2;Lindberg
2;Johansson
2;Nilsson
2;Karlsson
2;Persson
2;Olsson
2;Gustafsson
2;Pettersson
2;Andersson
2;Magnusson
2;Yamamoto
2;Tanaka
2;Watanabe
2;Ito
2;Kobayashi
2;Nakamura
2;Matsumoto
2;Inoue
2;Kimura
2;Hayashi
2;Shimizu
2;Yamazaki
2;Wang
2;Li
2;Zhang
2;Liu
2;Chen
2;Yang
2;Huang
2;Zhao
2;Kim
2;Lee
2;Park
2;Choi
2;Jung
2;Kang
2;Cho
2;Yoon
2;Patel
2;Sharma
2;Singh
2;Kumar
2;Verma
2;Gupta
2;Al-Rashid
2;Al-Hassan
2;Al-Farsi
2;Mansour
2;Khalil
2;Nasser
2;Badawi
2;Aziz
2;Rahim
2;Osman
2;Diallo
2;Traore
2;Coulibaly
2;Camara
2;Bah
2;Toure
2;Keita
2;O'Brien
2;O'Connor
2;Walsh
2;Burke
2;Fitzgerald
2;Kennedy
2;McCarthy
2;Flynn
2;Brennan
2;Doyle
2;Sullivan
2;Van der Berg
2;Van Dijk
2;De Groot
2;De Vries
2;Bakker
2;Visser
2;Smit
2;Meijer
2;De Jong
2;Janssen
1030214;seriously
1030301;This
1030405;unique
1040105;Evolution
1040204;using
1050206;own
1050404;you
1060102;around
1060109;just
1070110;will
1080204;click
1080304;mission
1090202;the
1100201;Once
1100303;should
1110203;cursor
1110205;close
1120202;second
1120304;obtained
1120406;first
1130302;this
1130402;scope
1140106;limits
1140202;Balderdash
1140307;edge
1150302;insulation
1150601;Velocity
1150202;Shows
1160607;save
1160203;vital
1170102;options
1170204;last
1170304;allows
1180403;effect
1180502;With
1190104;problems
1190203;programs
1190302;rare
1190308;conflicts
1190401;Below
1200102;all
1200204;experience
1200305;latest
1200503;cannot
1210103;encounter
