Id;Hersteller;Bezeichnung;Notizblockphoto;AnzPhotos;Ab Mission;Ab Tag;verfügbar ab;Spann- weite (m);Länge (m);Höhe (m);Max. Start- gewicht kg;Passa- giere;Vreise kph;Reichweite km;Triebwerke;Schub (lb);Besat- zung;Service ;Fuel max. (l);Verbrauch (l/h);Neupreis;Wartungs- faktor;Bemerkung 
114;Tupolev ;Tu 154 B;999XL;1;0;0;1972;37.5;47.8;11. Mrz;96000;180;900;3000;3 Kuznetsov NK82;10500;2;3;32500;9600;10440000;01. Jun;The Tu 154 is the Russian answer to the triple engine  727 and is available here as the improved B version.
124;NxT LvL Engineering;Space Voyager 2000;999XL;1;10;0;1998;x;x;x;x;90;5000;15000;3 Rockedyne SSME;2131920;4;4;370000;125000;200000000;2,5;The Space Voyager is based on the Rockwell Space Shuttle. The maximum speed of 28000# km/h can only be reached in earth orbit. The Voyager flies at this height for a short time, so it can reach this extreme average speed.
121;McDonnell Douglas;MD 81;999XL;1;0;0;1978;x;x;x;x;172;950;2900;2 Pratt&Whitney JTD8D-209;8400;2;2;10000;3000;20000000;1,1;"Since its introduction in 1965, the current versions have been continuously extended. The MD80 was also known as the DC9 ""Super 80""."
106;Boeing;777-300;999XL;1;4;10;1998;60.9;73.9;18,5;299370;550;911;10370;2 GE90-85B                                             ;62000;2;6;171170;8290;56000000;.8;Boeing wants to show the European competitors where it's at with this new and ultra-modern aircraft. This double engine long distance plane is a tough rival for the Airbus.
120;Boeing;767-300 ER;999XL;1;0;0;1988;x;x;x;x;290;1012;9940;2 Rolls Royce-RB211-524D4D;14600;2;4;28000;2800;25000000;1,1;Since 1978, the 767 has been improved again and again.  The latest version 767-300 RE is mainly used by American Airlines.
105;Boeing;757-300;999XL;1;4;0;1998;37.9;47.3;13,6;122470;240;890;6455;2 Rolls-Royce RB211-535E4;40100;2;5;43490;4194;69000000;1;The fuselage of this medium range jet is reminiscent of the 707/727 series and is indeed modeled on it. The plane replaces the 727 and has been available in this version since 1998 onwards.
103;Boeing;747-400 Domestic;999XL;1;3;20;1989;64.9;70.7;19,3;272155;568;927;3185;4 Rolls-Royce RB211-524Hs;60300;2;6;204350;12788;84000000;.8;The 747-400 Domestic is able to transport more than 500 passengers extremely fast in short-haul air traffic.
104;Boeing;747-400 ;999XL;1;3;0;1989;64.9;70.7;19,3;396900;420;927;13490;4 Rolls-Royce RB211-524Hs;60300;3;5;216840;12788;92000000;01. Jan;The latest 747-400 currently in use is the improved long range version of the 747-300 and can be recognized above all by its winglets. It has a fully digital cockpit and needs two crews which have their own rooms to rest in.
102;Boeing;747-100;999XL;1;1;0;1971;59.6;70.7;19,3;270155;370;917;7163;4 Pratt & Whitney JT9D-7;46300;3;5;178700;13862;30000000;01. Feb;When introduced in 1970, the 747 (100) amazed everyone with its flying distance and excellent flight performance. Meanwhile, it has been improved several times. The latest version is still in service today.
101;Boeing;737-800;999XL;1;0;10;1998;29. Jun;37.4;11,1;79000;189;815;5420;2 General Electric CFM56-7b;23500;2;3;26020;3050;48000000;1;This is the newest version of the 737 series. By increasing the wing surface and the tank capacity and by using new turbofan jets, the 737-800 can fly greater distances than its predecessors. 
100;Boeing;737-400;999XL;1;0;0;1988;28. Sep;36.6;11,1;62800;168;815;3870;2 General Electric/SNECMA CFM56-3C1s;23500;2;3;20800;3050;41000000;1;The Boeing 737-400 is one of the larger versions of the short-range jet. Its fuselage has been extended and thus its capacity increased.
125;Boeing;727-200;999XL;1;0;0;1964;32,91;46,69;10,36;95000;189;1000;4700;3 Pratt & Whitney JT 25/17R;33000;3;3;25000;15000;26000000;1,2;Five years after Boeing joined in the middle-range business, the model 727 was designed. The 727 is available in a version that can be quickly converted from a passenger to a cargo plane.
118;Boeing;720;999XL;1;0;0;1963;39.8;41.8;11;92000;165;965;6835;4 Pratt & Whitney JT3D-3;8165;3;3;79925;11000;14025000;01. Feb;The little sister of the 707 was introduced in 1960. Fuel consumption and efficiency were improved and the range was increased. Only 154 planes were built.
117;Boeing;707-320C;999XL;1;0;0;1961;44.4;46.6;11;151300;189;975;5840;4 Pratt & Whitney JT4A-11 ;7938;3;4;92250;15345;14175000;01. Mrz;The first prototype of the 707 jet flew in 1954. It was used very successfully for years, and the 707 C here is the long-range version. It is no longer the most modern plane, but has been one of the most reliable ones throughout this period.
115;Lockheed Aircraft Corp.;L-1011 Tristar 500;999XL;1;1;0;1980;50.1;50.05;17;225000;300;800;8500;3 Rolls Royce RB211-524B;22700;3;4;80000;9100;30000000;01. Feb;The 500 is the last version of the well-known Tristar, which was introduced as a rival for the DC10. A total of 250 of these aircraft have been sold.
113;Ilyushin Sowjetunion;Il 86;999XL;1;1;0;1980;48.00;59.8;15. Aug;205000;380;950;4950;4 Kuznetsov NK86;13000;2;5;53000;9800;17100000;01. Mai;Compared with other Russian planes, the II 86 is a very modern jet. It is has been used by Aeroflot since 1980. The modernized version is a solid plane, if sufficiently maintained.
112;Ilyushin Sowjetunion;Il 62;999XL;1;1;0;1969;43.2;53.1;12. Mrz;164996;198;880;9200;4 Soloviev D30KU;11000;3;3;110000;10500;9900000;01. Feb;The II 62 was the first Soviet long-range jet and has been used on domestic flights since the seventies. Its design is reminiscent of the British Vickers VC10.
119;Grumman Engineering Corp.;Gulfstream II;999XL;1;0;0;1966;x;x;x;x;15;950;6000;2 Rolls Royce Spey Mk.511-8;10000;2;1;12000;1800;10000000;1;This little business jet can fly incredibly long distances. An extravagant luxury: small, fast and expensive. Also popular as a private jet and a status symbol. Shock your competitors by purchasing one of these.
123;de Havilland Canada;DHC 8 Dash 8;999XL;1;0;0;1983;x;x;x;x;40;555;2150;2 Pratt&Whitney Turboprops;8900;2;1;7000;1800;14000000;1;This plane is used both as a civilian and a military aircraft. It is very cheap to maintain and has a very economical fuel consumption.
122;McDonnell Douglas;DC 8 Super 70;999XL;1;0;0;1980;x;x;x;x;259;932;12600;4 Rolls Royce Turbofan CFM56;18000;3;5;115000;14000;80000000;1,4;The 70 series is an upgrade of the 60 series. First of all, the engines are more powerful and efficient. With these values it is a serious rival of the Boeing 747.
107;McDonnell Douglas;DC 10;999XL;1;1;0;1976;50.4;55.3;17. Jul;251701;380;965;9252;3 General Electric CF6-50C2s;52200;3;5;138730;9376;29000000;1;The position of the engines of this plane is unusual. It has been developed for short, medium and long-range flights. Even today the current version of this jet is very popular.
116;BAC Aerospatiale;Concorde;999XL;1;4;3;1976;25. Mai;62.1;11. Mrz;185065;100;2150;6230;4 Rolls-Royce / SNECMA Olympus 593s;38000;3;2;119500;25629;30000000;01. Aug;Concorde is extremely quick but also extremely exclusive. It can only seat 100 persons and a tall man cannot stand up straight in the cabin. On the other hand, this supersonic aircraft travels at an incredible speed.
126;Lockheed Corp.;C5A Galaxy;999XL;1;0;0;1968;67,88;75,54;19,85;115000;345;919;6000;4 General Electric TF-GE 1;40000;3;5;9000;14000;25000000;1,6;This US machine is also used by the military. The price for a new plane is relatively moderate, but one should not underestimate the regular costs for the Galaxy.
108;Airbus Industrie;A 320 ;999XL;1;3;25;1988;33.9;37.6;11. Aug;66000;149;853;3717;2 General Electric / SNECMA CFM56-5A1s;25000;2;3;23870;3025;12000000;01. Jan;In 1984, after some initial teething problems, the production of the Airbus was subsidized by the British and German governments. The A 320 has a fuel saving of 43% compared with the 727, which makes it an interesting jet.
110;Airbus Industrie;A 310;999XL;1;3;15;1982;43.9;46.67;15.80;132000;250;900;7350;2 General Electric CF6-80C2A2;25000;2;4;24210;2850;22500000;1;The A 310 is an improvement of the 300 series, modernized, with a shorter fuselage and an additional tank in the elevator unit, which allows a better weight distribution.
111;Airbus Industrie;A 300 ;999XL;1;3;0;1973;44.8;54.0;16. Nov;153000;375;875;8000;2 General Electric CF6-50;25000;2;5;29700;2983;28125000;1;The 1970's version of the A 300 was a joint development effort of several European partners. To date it has served as the model for the modern Airbus liner. The model currently in use is the revamped 600 version.
